value,hits,bytes,cost,Price
Kendal/EZLivingInteriors_-_Kendal3SeaterBlue.usdz',3953,8860732740,0.7093,599
Juno/EZLivingInteriors_-_JunoLeft.usdz',3214,19617791252,1.6771,1199
Juno/EZLivingInteriors_-_JunoRight.usdz',2933,17282730473,1.4668,1199
Primrose/EZLivingInteriors_-_PrimroseBlue.usdz',2667,3029433224,0.1839,59
Primrose/PrimroseBlushPink.usdz',2631,2862377343,0.1689,
GeometricTables/EZLivingInteriors-MustardHexagonTable.usdz',2543,1540965118,0.0499,35
Primrose/EZLivingInteriors_-_PrimroseGrey.usdz',2535,2630636363,0.148,59
Primrose/PrimroseNavy.usdz',2500,2431601060,0.13,59
Primrose/PrimroseLightBrown.usdz',2497,2481467844,0.1345,59
Farrow/Farrow2Seater.usdz',2315,2840165080,0.1667,499
Waldorf/EZLivingInteriors-Waldorf3Seater.usdz',2015,5085647142,0.3687,499
-',1836,1723053,0.0009,
Marlow/MarlowVelvetGreen.usdz',1441,1601644349,0.0548,149
Marlow/MarlowVelvetCharcoal.usdz',1432,1573213904,0.0523,149
Scott/EZLivingInteriors-Scott25Leather.usdz',1331,3513409852,0.2268,1399
GeometricTables/EZLivingInteriors-GreyHexagonTable.usdz',1178,927992276,0.0006,35
Marlow/MarlowVelvetNavy.usdz',1117,1373428896,0.0341,149
Marlow/MarlowVelvetPink.usdz',1079,1276598224,0.0254,149
Marlow/MarlowFabricDarkWood.usdz',1060,1947472300,0.0858,
Rug/RugPowder.usdz',970,3101756543,0.1896,319
Montreux/EZLivingInteriors-MontreuxGreyX.usdz',867,1633507402,0.0574,
Loire/LoireOvalTableOpen.usdz',797,1303395394,0.0277,799
Calia/EZLiving_-_CaliaDiningTable.usdz',683,662301191,0.0003,699
Scott/EZLivingInteriors_-_Scott2SeaterGreen.usdz',627,1989244228,0.0893,999
Brighton/Brighton2SeaterGrey.usdz',567,1350343584,0.0318,
Loire/Loire2DrawerBedsideTable.usdz',565,430422062,0.0003,179
Brighton/Brighton2SeaterPink.usdz',550,1174685929,0.016,
Scott/EZLivingInteriors-Scott3Leather.usdz',550,2272172497,0.1148,
Panama/PanamaLampTableWhite.usdz',524,315596047,0.0002,159
Panama/PanamaDiningTableOpen.usdz',519,285197914,0.0002,599
Planet/Planet.usdz',511,403039358,0.0002,599
Waldorf/EZLivingInteriors-Waldorf2Seater.usdz',477,1275948086,0.0251,439
MV%2BTest/West%2BElm%2BThree%2BSeater.glb',461,3131520061,0.1921,
Brighton/Brighton3SeaterPink.usdz',416,949647553,0.0002,599
Inspire/EZLivingInteriors_-_InspireLeftGrey.usdz',339,2421420758,0.1281,799
Rug/RugAbstractGrey.usdz',314,1029715868,0.0028,319
Chelsea/EZLiving_-_ChelseaBarStoolBlue.usdz',287,1019963147,0.0019,229
Inspire/EZLivingInteriors_-_InspireRightLightGrey.usdz',260,2920319389,0.173,799
Sofia/EZLivingInteriors-SofiaFootstoolPink.usdz',218,450608382,0.0001,149
Sofia/EZLivingInteriors-SofiaFootstoolGreen.usdz',213,439751236,0.0001,149
Sofia/EZLivingInteriors-SofiaFootstoolBlue.usdz',211,466755546,0.0001,149
Sofia/EZLivingInteriors-SofiaFootstoolCharcoal.usdz',209,425726300,0.0001,149
Kendal/EZLivingInteriors_-_Kendal2SeaterBlue.usdz',197,1190775370,0.0173,499
glb/Mustard%2BTable.glb',169,426987711,0.0001,
Kendal/EZLivingInteriors_-_Kendal3SeaterGrey.usdz',168,1629612344,0.0567,499
Inspire/EZLivingInteriors_-_InspireLeftLightGrey.usdz',163,1776507423,0.07,799
Brighton/Brighton3SeaterGrey.usdz',145,777207029,0.0001,599
Kendal/EZLivingInteriors_-_Kendal2SeaterGrey.usdz',142,2440241645,0.1297,499
Clara/EZLivingInteriors-ClaraCornerLeft.usdz',142,2169705427,0.1053,1099
Inspire/EZLivingInteriors_-_InspireRightGrey.usdz',139,1941491498,0.0848,799
Kendal/EZLivingInteriors_-_KendalArmchairBlue.usdz',137,668061725,0.0001,399
Adam/wind02.glb',134,316170755,0.0001,549
Scott/EZLivingInteriors_-_ScottCornerGreenLeft.usdz',120,730380562,0.0001,1799
Charm/EZLivingInteriors-CharmLeftCorner.usdz',118,2138403388,0.1025,1199
Clara/EZLivingInteriors-ClaraCornerRight.usdz',117,1836978029,0.0754,1099
Taylor/Taylor2Seater.usdz',114,465890036,0.0001,399
Karma/EZLivingInteriors-KarmaRightBlack.usdz',111,686326725,0.0001,999
Panama/PanamaConsoleTableWhite.usdz',106,89769492,0.0001,179
Brinley/EZLivingInteriors-Brinley_25L_15RTurquoise.usdz',106,337878523,0.0001,1199
Eminence/EminenceCeramicStoneSingleOpen.usdz',106,136783208,0.0001,1099
Bella/EZLivingInteriors_-_BellaChairGreen.usdz',106,512556618,0.0001,349
Farrow/Farrow3Seater.usdz',105,351989715,0,599
Charm/EZLivingInteriors-CharmRightCorner.usdz',105,1916752407,0.0826,1199
Scott/EZLivingInteriors_-_ScottCornerGreenRight.usdz',103,619459071,0,1799
Scott/EZLivingInteriors_-_Scott2SeaterBlack.usdz',101,528218888,0,999
Kendal/EZLivingInteriors_-_KendalArmchairFootrestBlue.usdz',100,540236636,0,399
Cassie/CassieSofabedOpen.usdz',99,472984380,0,749
Inspire/EZLivingInteriors_-_Inspire3Seater.usdz',98,1031458405,0.0029,599
Marlow/MarlowFabricLightWood.usdz',95,432153182,0,149
Charm/EZLivingInteriors-CharmCuddlerArmchair.usdz',94,1476551909,0.0429,499
Anneka/EZLivingInteriors_-_AnnekaBlue.usdz',94,1166592093,0.015,499
Natty/EZLivingInteriors_-_NattySofa.usdz',91,1184132022,0.0166,999
Scott/EZLivingInteriors_-_ScottCornerBlackRight.usdz',91,471090316,0,1799
Frame/FrameGreen.usdz',91,172068843,0,
Bella/EZLivingInteriors_-_BellaChairBlue.usdz',87,412901015,0,349
Sofia/EZLivingInteriors-SofiaChairPink.usdz',86,315499243,0,308
Harris/HarrisGreen.usdz',85,157574785,0,349
Clara/EZLivingInteriors-ClaraFootstool.usdz',85,471497639,0,269
Anneka/EZLivingInteriors_-_AnnekaGreen.usdz',85,997113852,0,499
Scott/EZLivingInteriors_-_ScottCornerBlackLeft.usdz',85,444157537,0,1799
Clara/EZLivingInteriors-Clara3Seater.usdz',84,1449309000,0.0405,749
Calia/EZLiving_-_CaliaSofaTable.usdz',82,94228052,0,129
Charm/EZLivingInteriors-Charm3Seater.usdz',81,1365237201,0.0329,749
Clara/EZLivingInteriors-Clara2Seater.usdz',80,1407429785,0.0367,649
Panama/EZLiving_-_PanamaBlue.usdz',80,639046695,0,
Harris/HarrisPink.usdz',79,162284744,0,349
Brighton/BrightonArmchairGrey.usdz',78,400602844,0,
Inspire/EZLivingInteriors_-_Inspire2Seater.usdz',78,802168012,0,499
Laura/Laura3Seater.usdz',77,314796526,0,399
Natty/EZLivingInteriors_-_NattyLoveseat.usdz',76,990361856,0,899
Charm/EZLivingInteriors-Charm2Seater.usdz',75,1282116281,0.0254,649
Adam/EZLivingInteriors-AdamBed4%25276%2522.usdz',75,158668339,0,349
Adam/EZLivingInteriors-Adam3Drawer.usdz',74,33981552,0,199
Sofia/EZLivingInteriors-SofiaChairBlue.usdz',73,268423345,0,308
Calia/EZLivingInteriors_-_CaliaConsoleTable.usdz',73,273862995,0,299
Cheltenham/EZLivingInteriors-CheltenhamBedsideLocker.usdz',73,131316500,0,179
Godwin/EZLivingInteriors_-_GodwinTurquoise.usdz',72,914257298,0,299
Panama/EZLiving_-_PanamaCharcoal.usdz',72,524142541,0,299
Taylor/Taylor3Seater.usdz',72,454199262,0,1297
glb/Model01GreenVelvet.glb',72,284048674,0,
Rug/RugLightBlue.usdz',71,638524155,0,319
Kendal/EZLivingInteriors_-_KendalArmchairGrey.usdz',71,534784989,0,399
Clara/EZLivingInteriors-ClaraWingedAccentChair.usdz',71,1089146855,0.0081,499
Kendal/EZLivingInteriors_-_KendalArmchairFootrestGrey.usdz',70,537626571,0,399
Harris/HarrisTurquoise.usdz',70,131676230,0,299
Sofia/EZLivingInteriors-SofiaChairCharcoal.usdz',70,287362981,0,308
Emily/Emily46Bed.usdz',70,363183810,0,299
Zelda/EZLivingInteriors_-_ZeldaOrange.usdz',69,2116685999,0.1005,399
Eminence/EminenceCeramicStoneDoubleOpen.usdz',68,85222088,0,1099
Emily/Emily6DrawerDresser.usdz',68,38415308,0,299
Panama/PanamaConsoleTableGrey.usdz',68,60715519,0,179
Panama/EZLiving_-_PanamaPink.usdz',68,606096403,0,299
Calia/EZLivingInteriors_-_CaliaEntertainmentUnit.usdz',67,505243782,0,599
Godwin/EZLivingInteriors_-_GodwinNavy.usdz',67,806545711,0,349
Brighton/BrightonArmchairPink.usdz',66,313681276,0,
Charm/EZLivingInteriors-CharmBenchFootstool.usdz',66,754883607,0,269
Brinley/EZLivingInteriors-Brinley_15L_25RCharcoal.usdz',65,199390273,0,1199
Godwin/EZLivingInteriors_-_GodwinGreen.usdz',65,847449344,0,349
Sofia/EZLivingInteriors-SofiaChairGreen.usdz',65,245843657,0,348
Montreux/EZLivingInteriors-MontreuxGrey.usdz',64,375410701,0,849
Harris/HarrisNavy.usdz',62,118599304,0,349
Farrow/EZLivingInteriors_-_Farrow3Seater.usdz',62,364051434,0,599
Chic/EZLivingInteriors-ChicBarstoolGrey.usdz',61,512097660,0,59
Calia/EZLivingInteriors_-_CaliaLargeSideboard.usdz',61,370174181,0,999
Bella/EZLivingInteriors_-_BellaChairGrey.usdz',60,337782139,0,
Panama/PanamaSquareCoffeeTableGrey.usdz',59,57064505,0,269
Carson/EZLivingInteriors-Carson_Beige_Bar_Stool.usdz',59,718008494,0,179
Brinley/EZLivingInteriors-Brinley_15L_25RTurquoise.usdz',59,196689893,0,1199
Emily/EmilyBlanketBox.usdz',58,28242868,0,149
Emily/Emily3Bed.usdz',58,267153749,0,249
Zelda/EZLivingInteriors_-_ZeldaBlueAccent.usdz',57,1783325545,0.0705,399
Calia/EZLivingInteriors_-_CaliaBookcase.usdz',57,317042152,0,649
Brinley/EZLivingInteriorsBrinley_25L_15RCharcoal.usdz',57,179560315,0,1199
Cheltenham/EZLivingInteriors-Cheltanham46Bed.usdz',56,180614032,0,599
Inspire/EZLivingInteriors_-_InspireArmchair.usdz',55,512668861,0,349
Giove/GioveTaupeOpened.usdz',55,96882335,0,
Taylor/TaylorArmchair.usdz',55,304678968,0,1297
Kurve/EZLivingInteriors_-_Kurve3Seater.usdz',54,1303803501,0.0274,699
Carter/Carter%2Bgrey%2Bbar%2Bstool.usdz',54,645228347,0,
Cheltenham/EZLivingInteriors-Cheltanham5Bed.usdz',53,161112308,0,699
Loire/LoireLargeSideboardCharcoal.usdz',53,148645336,0,599
Emily/Emily4Bed.usdz',52,243622215,0,299
Coco/CocoSofa.usdz',52,150974720,0,699
Calia/EZLivingInteriors_-_CaliaWritingDesk.usdz',51,320786641,0,649
Laura/Laura2Seater.usdz',51,202359264,0,349
Baly/BalyBed5.usdz',51,124997816,0,299
Giove/GioveBlackOpened.usdz',50,104906784,0,899
Cheltenham/EZLivingInteriors-Cheltenham3plus3.usdz',48,89113038,0,549
Loire/LoireTVUnit.usdz',48,72899682,0,399
Cheltenham/EZLivingInteriors-CheltanhamTripleWardrobe.usdz',48,89399112,0,799
Baly/BalyBed4.usdz',47,130759217,0,975
Panama/PanamaLampTableGrey.usdz',47,41550162,0,159
Emily/Emily5Bed.usdz',47,216703192,0,339
Rug/RugPopYellow.usdz',46,403947436,0,319
Loire/LoireGrey23Drawer.usdz',46,102434968,0,499
Loire/LoireDisplayUnitCharcoal.usdz',45,82742940,0,749
Rug/RugAbstractRose.usdz',45,372749884,0,319
Baly/BalyBed46.usdz',45,119407564,0,975
Frame/FramePink.usdz',45,92647880,0,
Maxwell/EZLivingInteriors-Maxwell2Seater.usdz',44,389606214,0,349
Loire/LoireConsoleTableGrey.usdz',44,108935201,0,299
Baly/BalyBedsideLocker.usdz',44,66789228,0,79
Harris/HarrisCharcoal.usdz',42,83889792,0,349
NewYork/NewYorkBarChair.usdz',42,99455538,0,249
Chic/EZLivingInteriors-ChicBarstoolIvory.usdz',42,382234886,0,59
Other/Social%2BDistance%2BVisualiser%2Bby%2BAllen%2BWixted.reality',42,20219552,0,
Waldorf/EZLivingInteriors-WaldorfChair.usdz',41,282489724,0,359
Baly/BalyBed3.usdz',41,102896064,0,199
Baly/Baly5DrawerTallboy.usdz',41,77313536,0,249
Cheltenham/EZLivingInteriors-CheltenhamDoubleWardrobe.usdz',41,61744932,0,269
Panama/PanamaSquareCoffeeTableWhite.usdz',40,36373088,0,499
Calia/EZLivingInteriors_-_CaliaLargeBench.usdz',40,158590021,0,299
Bijoux/BijouxPink.usdz',40,79546200,0,449
Chic/EZLivingInteriors-ChicBarstoolBlack.usdz',40,313252415,0,59
Portland/Portland.usdz',39,103614526,0,599
Loire/LoireBookcase.usdz',39,74481180,0,549
Rug/RugAbstractYellow.usdz',37,312848079,0,319
Chelsea/EZLiving_-_ChelseaBarStoolOrange.usdz',37,207166577,0,229
Maxwell/EZLivingInteriors-MaxwellArmchair.usdz',37,384497888,0,349
Chelsea/EZLiving_-_ChelseaBarStoolGrey.usdz',37,206526809,0,229
Juno/EZLivingInteriors-Juno2Seater.usdz',37,142225335,0,649
Calia/EZLivingInteriors_-_CaliaSmallSideboard.usdz',37,213395369,0,799
Adam/EZLivingInteriors-AdamBed5%2527.usdz',37,73213536,0,349
Annecy/Annecy.usdz',37,161923247,0,149
Loire/LoireLargeSideboardGrey.usdz',37,102677420,0,599
Loire/LoireCoffeeTable.usdz',37,76598306,0,299
Loire/LoireSmallSideboard.usdz',37,55270526,0,399
Emily/EmilyBedsideLocker.usdz',36,15869412,0,125
Maxwell/EZLivingInteriors-Maxwell3Seater.usdz',36,365618634,0,499
Farrow/FarrowArmchair.usdz',35,98673516,0,349
Athos/AthosOpened.usdz',34,80425637,0,1999
Calia/EZLivingInteriors_-_CaliaCoffeeTable.usdz',34,118608112,0,299
Loire/LoireDiningChair.usdz',34,71701888,0,119
Bentley/BentleyChair.usdz',34,68582930,0,549
Baly/Baly2DoorWardrobe.usdz',34,56504040,0,399
Calia/EZLivingInteriors_-_CaliaSideTable.usdz',34,212222558,0,149
Rug/RugAbstractBeige.usdz',33,251989740,0,319
Kurve/EZLivingInteriors_-_Kurve2Seater.usdz',33,741298582,0,599
Loire/LoireDisplayUnitGrey.usdz',32,57927808,0,749
Sandy/SandyGrey.usdz',32,51518592,0,179
Sandy/SandyRed.usdz',31,51047421,0,179
Loire/LoireConsoleTableCharcoal.usdz',31,86098478,0,299
Frame/FrameBlue.usdz',31,64364948,0,
Laura/LauraChair.usdz',30,117261330,0,249
Bijoux/BijouxGreen.usdz',30,58327200,0,449
Primrose/PrimroseYellow.usdz',29,81320176,0,59
Baly/BalyDrawerDresserMirror.usdz',29,60940658,0,299
Sandy/SandyBlue.usdz',29,45875796,0,179
Rug/RugBeige.usdz',28,235402315,0,319
Bijoux/BijouxPetrol.usdz',28,54499676,0,449
Rug/RugRockstar.usdz',26,258340393,0,319
Carter/Carter.glb',25,81062240,0,199
Karma/EZLivingInteriors-KarmaLeftBlack.usdz',24,103298229,0,999
Farrow/FarrowStool.usdz',24,50122362,0,
Kurve/EZLivingInteriors_-_KurveArmchair.usdz',22,531120995,0,399
Adam/EZLivingInteriors-Adam2Over3.usdz',21,9348032,0,249
Karma/EZLivingInteriors-KarmaLeftTaupe.usdz',21,108088174,0,999
NewYork/NewYorkDiningVintage_Ebony.usdz',21,49509201,0,199
glb/Model01GreenVelvet.usdz',21,84652308,0,
Panama/GLB/Panama_square_grey.glb',21,28361857,0,269
NewYork/NewYorkDiningChairGrey.usdz',20,45781760,0,199
Karma/EZLivingInteriors-KarmaRightTaupe.usdz',19,106583168,0,999
Panama/GLB/Panama_lamp_grey.glb',19,23594041,0,159
Chelsea/EZLiving_-_ChelseaBarStoolYellow.usdz',17,92092240,0,229
Loire/Loire34DrawerWideChest.usdz',17,50832397,0,629
Panama/GLB/Panama_square_white.glb',17,21144833,0,269
Sandy/SandyGreen.usdz',17,26508661,0,179
Dose/dose_02.usdz',16,30790680,0,
MV%2BTest/West%2BElm%2BThree%2BSeater.usdz',16,63373282,0,
carter%2B%25281%2529.glb',15,51041020,0,199
MV%2BTest/index.html',15,21619,0,
Kendal/glb/Armchair%2BBlue.glb',14,5914184,0,399
Primrose/EZLivingInteriors_-_PrimrosePink.usdz',14,26246979,0,59
Charm/glb/Armchair.glb',13,17706831,0,499
Charm/glb/Footstool.glb',12,26868166,0,449
Charm/glb/Corner%2BRight.glb',12,20788823,0,1199
Charm/glb/Corner%2BLeft.glb',12,20788812,0,1199
Zelda/glb/Zelda%2BBurnt%2BOrange.glb',12,16772648,0,399
Primrose/EZLivingInteriors_-_PrimroseBrown.usdz',12,23960844,0,59
Charm/glb/2%2BSeater.glb',11,19300651,0,649
Charm/glb/3%2BSeater.glb',11,19185587,0,649
Tween/tween_02.usdz',11,30550108,0,269
Adam/Wind.usdz',10,8759710,0,349
glb/New%2BArmchair.glb',10,20791875,0,
glb/Project%2BName%2B%25281%2529.glb',10,1088,0,
Carter/carter%2B%25281%2529.glb',10,1088,0,
MV%2BTest/viewer.css',10,19000,0,
MV%2BTest/viewer.js',10,17568,0,
Deposition/deposition_01.glb',10,18550064,0,
Sorrento/glb/2%2BSeater.glb',9,1232,0,
Sorrento/glb/Armchair.glb',9,1232,0,
Sorrento/glb/3%2BSeater.glb',9,1232,0,
Juno/glb/3%2BSeater.glb',9,1220,0,
Calia/glb/LargeBench.glb',9,1088,0,1445
Karma/glb/Right_Black.glb',9,1232,0,999
Karma/glb/Right_Taupe.glb',9,1232,0,999
Other/DegiroTest.js',9,1640,0,
MV%2BTest/qrcode.js',9,232176,0,
Clara/glb/2%2BSeater.glb',8,1088,0,649
Inspire/glb/2%2BSeater.glb',8,7922452,0,499
Cheltenham/glb/Bedside%2BLocker.glb',8,1088,0,179
Chic/glb/Black.glb',8,1088,0,
Cheltenham/glb/Double%2BWardrobe.glb',8,1088,0,499
Sandy/glb/green.glb',8,1088,0,
Sorrento/EZLivingInteriors_-_Sorrento3Seater.usdz',7,209293791,0,
Anneka/Green.glb',7,3194960,0,
Montreux/glb/Montreux%2BGrey%2BWashed.glb',7,544,0,135
Montreux/glb/Montreux%2BGrey%2BWashed%2BX.glb',7,544,0,135
Cheltenham/EZLivingInteriors-Cheltenham3plus2.usdz',7,13623995,0,499
glb/Blue.glb',6,8641052,0,
Clara/glb/3%2BSeater.glb',6,7240312,0,649
Anneka/Blue.glb',6,4415760,0,
Bella/Blue.glb',6,3198452,0,349
Bella/Green.glb',6,3156276,0,349
Bella/White.glb',6,3118996,0,349
glb/Black.glb',6,2179364,0,
Calia/glb/ConsoleTable.glb',6,544,0,
Hydration/hydration.glb',6,7632352,0,
Clara/glb/Corner%2BRight.glb',5,544,0,1099
Clara/glb/Chair.glb',5,544,0,499
Clara/glb/Footstool.glb',5,544,0,269
Clara/glb/Corner%2BLeft.glb',5,544,0,1099
Kendal/glb/2%2BSeater%2BGrey.glb',5,544,0,599
Waldorf/glb/2.glb',5,544,0,439
Sorrento/glb/Swivel%2BChair.glb',5,544,0,
Kendal/glb/3%2BSeater%2BGrey.glb',5,544,0,499
Godwin/glb/Turquoise.glb',5,544,0,349
Kendal/glb/Armchair%2BGrey.glb',5,544,0,399
Kendal/glb/2%2BSeater%2BBlue.glb',5,544,0,499
Inspire/glb/Armchair.glb',5,544,0,
Juno/glb/Left.glb',5,544,0,349
Godwin/glb/Navy.glb',5,544,0,349
Kendal/glb/Armchair%2B%252B%2BFootrest%2BGrey.glb',5,544,0,179
Kendal/glb/Armchair%2B%252B%2BFootrest%2BBlue.glb',5,544,0,179
Juno/glb/Right.glb',5,544,0,
Godwin/glb/Green.glb',5,544,0,349
Natty/glb/Loveseat.glb',5,544,0,299
Inspire/glb/3%2BSeater.glb',5,544,0,349
Zelda/glb/Zelda%2BBlue%2BAccent.glb',5,544,0,399
Kendal/glb/3%2BSeater%2BBlue.glb',5,544,0,499
Waldorf/glb/3.glb',5,544,0,449
Natty/glb/Sofa.glb',5,544,0,999
Juno/glb/2%2BSeater.glb',5,544,0,649
Waldorf/glb/1.glb',5,544,0,449
Calia/glb/CoffeeTable.glb',5,544,0,299
Calia/glb/EntertainmentUnit.glb',5,544,0,
Calia/glb/Bookcase.glb',5,544,0,
Calia/glb/Bedframe%2B4%25276.glb',5,544,0,
Sofia/glb/chair/Green.glb',5,544,0,348
Sofia/glb/chair/Pink.glb',5,544,0,308
Sofia/glb/chair/Charcoal.glb',5,544,0,308
Cassie/glb/Closed.glb',5,544,0,749
Sofia/glb/chair/Blue.glb',5,544,0,308
Maxwell/2.glb',5,544,0,1197
Carson/glb/Carson.glb',5,544,0,179
Kurve/glb/Armchair.glb',5,544,0,399
Kurve/glb/3%2BSeater.glb',5,544,0,699
GeometricTables/glb/Mustard.glb',5,544,0,
GeometricTables/glb/grey.glb',5,544,0,
Maxwell/3.glb',5,544,0,1197
Maxwell/Arm.glb',5,544,0,
Cassie/glb/Opened.glb',5,544,0,749
Kurve/glb/2%2BSeater.glb',5,544,0,
Brinley/glb/Brinley_15L_25R_Charcoal.glb',5,544,0,1199
Brinley/glb/Brinley_15L_25R_Turquoise.glb',5,544,0,1199
Brinley/glb/Brinley_25L_15R_Turquoise.glb',5,544,0,1199
Brinley/glb/Brinley_25L_15R_Charcoal.glb',5,544,0,1199
Emily/GLB/Emily_Dressing_Table_%2526_Stool.glb',5,544,0,299
Farrow/glb/FarrowArmchair.glb',5,544,0,349
Emily/GLB/Emily%2B4%25276%2BBedframe.glb',5,544,0,349
Emily/GLB/Emily%2BBedside%2BLocker.glb',5,544,0,125
Adam/glb/4%25276%2BBedframe.glb',5,544,0,349
Emily/GLB/Emily%2B5%2527%2BBedframe.glb',5,544,0,349
Adam/glb/3%2BDrawer%2BBedside%2BTable.glb',5,544,0,99
Adam/glb/2%2BOver%2B3.glb',5,544,0,249
Adam/glb/5%2BBedframe.glb',5,544,0,249
Emily/GLB/Emily%2B3%2527%2BBedframe.glb',5,544,0,349
Emily/GLB/Emily%2B6%2BDrawer%2BDresser.glb',5,544,0,299
Emily/GLB/Emily%2BBlanket%2BBox.glb',5,544,0,149
Chic/glb/Grey.glb',5,544,0,59
Emily/GLB/Emily%2B4%2527%2BBedframe.glb',5,544,0,349
Adam/glb/3%2BOver%2B4.glb',5,544,0,249
Cheltenham/glb/3%252B3%2BChest%2Bof%2BDrawers.glb',5,544,0,549
Cheltenham/glb/3%252B2%2BChest%2Bof%2BDrawers.glb',5,544,0,549
Chic/glb/Ivory.glb',5,544,0,59
Baly/glb/bed%2B4.glb',5,544,0,269
Marlow/glb/fabric_light.glb',5,544,0,149
Marlow/glb/velvet_pink.glb',5,544,0,149
Marlow/glb/fabric_dark.glb',5,544,0,149
Baly/glb/dresser%2Band%2Bmirror.glb',5,544,0,1005
Bijoux/glb/pink.glb',5,544,0,449
Marlow/glb/velvet_green.glb',5,544,0,149
Marlow/glb/velvet_navy.glb',5,544,0,149
Eminence/glb/Eminence%2BCeramic%2BStone%2BTop%2BDouble%2BExtending%2BTable%2Bmiddle.glb',5,544,0,1099
Planet/glb/planet.glb',5,544,0,599
Eminence/glb/Eminence%2BFast%2BExtending%2BTable%2Bin%2BCeramic%2BSalt%2BWhite%2Bsmall.glb',5,544,0,1099
Havana/glb/Havana%2Bbed.glb',5,544,0,
Baly/glb/drawer%2Btallboy.glb',5,544,0,249
Marlow/glb/velvet_charcole.glb',5,544,0,149
Baly/glb/bedside%2Blocker.glb',5,544,0,79
Sandy/glb/grey.glb',5,544,0,179
Sandy/glb/blue.glb',5,544,0,179
Eminence/glb/Eminence%2BTaupe%2BDining%2BTable%2Bsmall.glb',5,544,0,1099
Eminence/glb/Eminence%2BCeramic%2BStone%2BTop%2BSingle%2BExtending%2BTable%2Blarge.glb',5,544,0,1099
Bijoux/glb/green.glb',5,544,0,449
Eminence/glb/Eminence%2BCeramic%2BStone%2BTop%2BDouble%2BExtending%2BTable%2Bsmall.glb',5,544,0,1099
NewYork/glb/dining%2Bebony.glb',5,544,0,
Sandy/glb/red.glb',5,544,0,179
Baly/glb/bed%2B5.glb',5,544,0,299
Baly/glb/bed%2B3.glb',5,544,0,
Eminence/glb/Eminence%2BCeramic%2BStone%2BTop%2BSingle%2BExtending%2BTable%2Bmiddle.glb',5,544,0,1099
Eminence/glb/Eminence%2BTobacco%2BOak%2BTop_%2BGraphite%2BLegs%2Bmiddle.glb',5,544,0,1099
Baly/glb/2%2Bdoor%2Bwardrobe.glb',5,544,0,
Coco/glb/coco.glb',5,544,0,
Taylor/glb/2Seater.glb',5,544,0,
Bentley/glb/bentley.glb',5,544,0,
Eminence/glb/Eminence%2BCeramic%2BStone%2BTop%2BSingle%2BExtending%2BTable%2Bsmall.glb',5,544,0,1099
Bijoux/glb/petrol.glb',5,544,0,
Eminence/glb/Eminence%2BFast%2BExtending%2BTable%2Bin%2BCeramic%2BSalt%2BWhite%2Blarge.glb',5,544,0,1099
Annecy/glb/Annecy.glb',5,544,0,149
Taylor/glb/chair.glb',5,544,0,1297
NewYork/glb/bar%2Bstool.glb',5,544,0,249
Taylor/glb/3Seater.glb',5,544,0,998
Eminence/glb/Eminence%2BTobacco%2BOak%2BTop_%2BGraphite%2BLegs%2Bsmall.glb',5,544,0,1099
NewYork/glb/dining%2Bgrey.glb',5,544,0,249
Eminence/glb/Eminence%2BTaupe%2BDining%2BTable%2Bmiddle.glb',5,544,0,1099
Eminence/glb/Eminence%2BCeramic%2BStone%2BTop%2BDouble%2BExtending%2BTable%2Blarge.glb',5,544,0,1099
Baly/glb/bed%2B4%25276.glb',5,544,0,1005
Farrow/glb/3%2BSeater.glb',5,544,0,499
Farrow/glb/2%2BSeater.glb',5,544,0,499
Farrow/glb/Stool.glb',5,544,0,179
Cheltenham/glb/Triple%2BWaredrobe.glb',5,544,0,499
Cheltenham/glb/4%25276%2BBed.glb',5,544,0,699
Cheltenham/glb/5%25270%2BBed.glb',5,544,0,699
Siren/glb/Siren%2BWalnut.glb',5,544,0,299
,5,544,0,
Cabinet/cabinet_01.usdz',5,544,0,899
,5,544,0,
Havana/HavanaBed46.usdz',4,9286236,0,499
Sorrento/EZLivingInteriors_-_SorrentoChair.usdz',4,79838439,0,79
,4,1836,0,
Eminence/EminenceTobaccoClosed.usdz',4,6287452,0,1099
Calia/glb/LargeSideboard.glb',4,544,0,1365
Calia/glb/SideTable.glb',4,544,0,649
Calia/glb/WritingDesk.glb',4,544,0,649
Calia/glb/SmallSideboard.glb',4,544,0,219
Frame/GLB/frameblue.glb',3,544,0,649
Frame/GLB/framepink.glb',3,544,0,649
Frame/GLB/framegreen.glb',3,544,0,649
Eminence/EminenceTaupeOpen.usdz',3,3770925,0,1099
Karma/glb/Left_Taupe.glb',3,544,0,999
Karma/glb/Left_Black.glb',3,544,0,999
Giove/GLB/Giove_Taupe_Closed.glb',3,544,0,899
Giove/GLB/Giove_Taupe_Opened.glb',3,544,0,899
Giove/GLB/Giove_Black_Opened.glb',3,544,0,899
Giove/GLB/Giove_Black_Closed.glb',3,544,0,899
Clara/GLB/',2,0,0,649
,2,14198640,0,
Sofia/glb/footstool/Blue.glb',2,0,0,308
Sofia/glb/footstool/Charcoal.glb',2,0,0,308
Sofia/glb/footstool/Pink.glb',2,0,0,308
Sofia/glb/footstool/Green.glb',2,0,0,308
Kurve/glb/',2,0,0,699
Sorrento/EZLivingInteriors_-_Sorrento2Seater.usdz',2,62089150,0,649
,2,0,0,
Charm/glb/',1,0,0,1199
Clara/glb/',1,0,0,649
Waldorf/glb/',1,0,0,359
Kendal/glb/',1,0,0,179
Natty/glb/',1,0,0,299
Godwin/glb/',1,0,0,349
Inspire/glb/',1,0,0,799
Zelda/glb/',1,0,0,399
Juno/glb/',1,0,0,1199
Sorrento/glb/',1,0,0,99
Calia/glb/',1,0,0,1365
Cassie/glb/',1,0,0,749
GeometricTables/glb/',1,0,0,599
Sofia/glb/',1,0,0,348
Carson/glb/',1,0,0,179
Sofia/glb/footstool/',1,0,0,348
Sofia/glb/chair/',1,0,0,348
Brinley/glb/',1,0,0,1199
Montreux/glb/',1,0,0,135
Adam/glb/',1,0,0,249
Cheltenham/glb/',1,0,0,499
Emily/GLB/',1,0,0,399
Farrow/glb/',1,0,0,499
Chic/glb/',1,0,0,59
Coco/glb/',1,0,0,599
Sandy/glb/',1,0,0,179
NewYork/glb/',1,0,0,249
Marlow/glb/',1,0,0,149
Baly/glb/',1,0,0,1005
Annecy/glb/',1,0,0,149
Taylor/glb/',1,0,0,1297
Planet/glb/',1,0,0,599
Bijoux/glb/',1,0,0,449
Bentley/glb/',1,0,0,549
Havana/glb/',1,0,0,599
Eminence/glb/',1,0,0,1099
Siren/glb/',1,0,0,219
,1,0,0,
Cabinet/',1,0,0,899
,1,0,0,
,1,0,0,
,1,0,0,
,1,0,0,
Adam/ctiofficechair10size.glb',1,10982773,0,249
,1,0,0,
,1,0,0,
,1,0,0,
,1,0,0,