Bucket Owner,Bucket,Time,Time - Offset,Remote IP,Requester ARN/Canonical ID,Request ID,Operation,Key,Request-URI,HTTP status,Error Code,Bytes Sent,Object Size,Total Time,Turn-Around Time,Referrer,User-Agent,Version Id,Host Id,Signature Version,Cipher Suite,Authentication Type,Host Header,TLS version
2f0544e0e64958de8c656135fcdbad1af1b43808c0d0b974fc77f171694c558e,ez-living,[01/Jun/2020:16:05:47,+0000],39.103.142.195,-,55724083D164E10A,REST.HEAD.OBJECT,webadmin/login.php,HEAD /webadmin/login.php HTTP/1.1,403,AccessDenied,243,-,58,-,-,-,-,zmuYv7CRlJO59lIXqAeeQS1LW2cDhUg6bkCgCVA4kMiiF+IVlg4zH7/DjuD/vi+U6KUTM84vZHg=,-,-,-,ez-living.s3-eu-west-1.amazonaws.com,-
2f0544e0e64958de8c656135fcdbad1af1b43808c0d0b974fc77f171694c558e,ez-living,[01/Jun/2020:10:29:33,+0000],54.164.181.5,arn:aws:sts::878630915641:assumed-role/S3statLogReaders/S3statLogDownload,74588EA41C0FAC61,REST.GET.BUCKET,-,GET /?max-keys=1 HTTP/1.1,200,-,429,-,27,27,-,aws-sdk-dotnet-35/2.3.23.0 .NET Runtime/4.0 .NET Framework/4.0 OS/6.2.9200.0 ClientSync,-,eD7W8vIwNTfy7tAr10mDV5J13PcEwgFs1JNxdkm50Ydciq/YnuDennvSDMsPJN56dbVOWqxFOmc=,SigV4,ECDHE-RSA-AES128-SHA,AuthHeader,ez-living.s3-eu-west-1.amazonaws.com,TLSv1
2f0544e0e64958de8c656135fcdbad1af1b43808c0d0b974fc77f171694c558e,ez-living,[01/Jun/2020:10:50:30,+0000],54.175.118.73,-,ED2D7D25BB46EC40,REST.GET.LOCATION,-,GET /?location HTTP/1.1,400,AuthorizationHeaderMalformed,365,-,2,-,-,aws-sdk-dotnet-35/2.3.23.0 .NET Runtime/4.0 .NET Framework/4.0 OS/6.2.9200.0 ClientSync,-,2wagzKA2nNpdVDzRhnvDlxL94G+m1vG0ExpxbCR1X78/JqnhNtvIOiUP4r8mh356Q1IA3G6sLA0=,SigV4,ECDHE-RSA-AES128-SHA,AuthHeader,ez-living.s3.amazonaws.com,TLSv1
2f0544e0e64958de8c656135fcdbad1af1b43808c0d0b974fc77f171694c558e,ez-living,[01/Jun/2020:20:43:45,+0000],173.252.83.17,-,635C35D8F276FACD,REST.GET.OBJECT,Waldorf/EZLivingInteriors-Waldorf3Seater.usdz,GET /ez-living/Waldorf/EZLivingInteriors-Waldorf3Seater.usdz HTTP/1.1,206,-,524288,7342582,94,90,-,facebookexternalhit/1.1 (+http://www.facebook.com/externalhit_uatext.php),-,9usF3MfkBOYiiflZcEYaD+oQh1/ofVcxkouZ8WiYu49l3LvJcwVMj3ckx8ZLeZ/ntmaIuJzi2xw=,-,ECDHE-RSA-AES128-GCM-SHA256,-,s3-eu-west-1.amazonaws.com,TLSv1.2
2f0544e0e64958de8c656135fcdbad1af1b43808c0d0b974fc77f171694c558e,ez-living,[01/Jun/2020:10:50:32,+0000],54.175.118.73,-,E6EEB0A372365B11,REST.GET.BUCKET,-,GET /?max-keys=1 HTTP/1.1,301,PermanentRedirect,455,-,3,-,-,aws-sdk-dotnet-35/2.3.23.0 .NET Runtime/4.0 .NET Framework/4.0 OS/6.2.9200.0 ClientSync,-,FnVoV3x/HKVM3ymeQ7nyEHw8fIGxUDLee4Vd4eUJZKtJuyV6vaDPEKmxb8RSzZvunJArIg9sH2I=,-,ECDHE-RSA-AES128-SHA,-,ez-living.s3-us-west-2.amazonaws.com,TLSv1
2f0544e0e64958de8c656135fcdbad1af1b43808c0d0b974fc77f171694c558e,ez-living,[01/Jun/2020:19:08:09,+0000],114.119.161.59,-,8CE27052F0F7237F,REST.GET.OBJECT,robots.txt,GET /robots.txt HTTP/1.1,403,AccessDenied,243,-,10,-,-,"Mozilla/5.0 (Linux; Android 7.0;) AppleWebKit/537.36 (KHTML, like Gecko) Mobile Safari/537.36 (compatible; PetalBot;+https://aspiegel.com/petalbot)",-,kKsxX7bHZiqOMiSRF9XTnA32JOKzu5X66ZL4UV9BZvisKrBZHhbOTBfSwqLP44TUEsXPdc+mCIs=,-,ECDHE-RSA-AES128-SHA,-,ez-living.s3-eu-west-1.amazonaws.com,TLSv1.2
2f0544e0e64958de8c656135fcdbad1af1b43808c0d0b974fc77f171694c558e,ez-living,[01/Jun/2020:03:04:24,+0000],88.99.161.235,-,2931F02C30171C59,REST.GET.OBJECT,administrator/components/com_wstools/views/sypexdumper/tmpl/sxd/index.php,GET /administrator/components/com_wstools/views/sypexdumper/tmpl/sxd/index.php HTTP/1.1,403,AccessDenied,243,-,17,-,https://ez-living.s3-eu-west-1.amazonaws.com/administrator/components/com_wstools/views/sypexdumper/tmpl/sxd/index.php,"Mozilla/5.0 (Macintosh; Intel Mac OS X 10_11_6) AppleWebKit/537.36 (KHTML, like Gecko) Chrome/67.0.3396.79 Safari/537.36",-,ngxBDBK00q5QNYb0OSbZewIWTgddfJN87TRLwtVQzfzXMyVEOrHjclGHBqN/ScglM6oGMA2ZyxI=,-,ECDHE-RSA-AES128-GCM-SHA256,-,ez-living.s3-eu-west-1.amazonaws.com,TLSv1.2
2f0544e0e64958de8c656135fcdbad1af1b43808c0d0b974fc77f171694c558e,ez-living,[01/Jun/2020:20:43:45,+0000],173.252.83.111,-,670BA5BBF56732FB,REST.GET.OBJECT,Kendal/EZLivingInteriors_-_KendalArmchairBlue.usdz,GET /ez-living/Kendal/EZLivingInteriors_-_KendalArmchairBlue.usdz HTTP/1.1,206,-,524288,5289013,76,71,-,facebookexternalhit/1.1 (+http://www.facebook.com/externalhit_uatext.php),-,oIOZrdb/mxfjA0babyD1YNUPmSJpM4/OlyjhKu7uxo4+KplnVQWxk025ceUhHdkN6rYhVTb4xP4=,-,ECDHE-RSA-AES128-GCM-SHA256,-,s3-eu-west-1.amazonaws.com,TLSv1.2
2f0544e0e64958de8c656135fcdbad1af1b43808c0d0b974fc77f171694c558e,ez-living,[01/Jun/2020:11:31:05,+0000],31.13.127.11,-,95FDC5D6EF1DA255,REST.GET.OBJECT,Marlow/MarlowVelvetPink.usdz,GET /Marlow/MarlowVelvetPink.usdz HTTP/1.1,206,-,524288,3036272,96,92,-,facebookexternalhit/1.1 (+http://www.facebook.com/externalhit_uatext.php),-,ocpb2TWzfH4Btk1P54IO+r7+TCf0E67K596CV/XvwhPLCQUjCfw9CcQTB1tn1y5c1ZhDOvayVCo=,-,ECDHE-RSA-AES128-GCM-SHA256,-,ez-living.s3-eu-west-1.amazonaws.com,TLSv1.2
2f0544e0e64958de8c656135fcdbad1af1b43808c0d0b974fc77f171694c558e,ez-living,[01/Jun/2020:00:01:18,+0000],31.13.127.6,-,AC01CFA939BDE867,REST.GET.OBJECT,Juno/EZLivingInteriors_-_JunoLeft.usdz,GET /ez-living/Juno/EZLivingInteriors_-_JunoLeft.usdz HTTP/1.1,206,-,524288,19290476,108,94,-,facebookexternalhit/1.1 (+http://www.facebook.com/externalhit_uatext.php),-,oWM7yOb08gQ2jLCsYAMkGo+4AixCB9pX7A7LK7jemPp4KN3p+unvaIIa2Z65VdXYs+0F+NNcAQY=,-,ECDHE-RSA-AES128-GCM-SHA256,-,s3-eu-west-1.amazonaws.com,TLSv1.2
2f0544e0e64958de8c656135fcdbad1af1b43808c0d0b974fc77f171694c558e,ez-living,[01/Jun/2020:16:05:47,+0000],39.103.142.195,-,405395CCE6FABCC2,REST.HEAD.OBJECT,dede_ht/login.php,HEAD /dede_ht/login.php HTTP/1.1,403,AccessDenied,243,-,13,-,-,-,-,187LTVCdHa8FWfWVpwma8zQ9OgVf7LZBs0nGJ4DTkCaKfSvjoDXF3vzDoJb9vGg3zM/m4xZ4BHo=,-,-,-,ez-living.s3-eu-west-1.amazonaws.com,-
2f0544e0e64958de8c656135fcdbad1af1b43808c0d0b974fc77f171694c558e,ez-living,[01/Jun/2020:15:36:27,+0000],31.13.115.2,-,E04BFA218C476ECE,REST.GET.OBJECT,Scott/EZLivingInteriors-Scott3Leather.usdz,GET /ez-living/Scott/EZLivingInteriors-Scott3Leather.usdz HTTP/1.1,206,-,524288,7684059,67,63,-,facebookexternalhit/1.1 (+http://www.facebook.com/externalhit_uatext.php),-,ogrKyi4cxNG1bTqRby00jIM8qhfN4saYpLVpos4W8ffB7QO1XZANDRblCuHDlrH/XtUuOMSRC+Y=,-,ECDHE-RSA-AES128-GCM-SHA256,-,s3-eu-west-1.amazonaws.com,TLSv1.2
2f0544e0e64958de8c656135fcdbad1af1b43808c0d0b974fc77f171694c558e,ez-living,[01/Jun/2020:20:43:45,+0000],173.252.83.12,-,7EAA5CE12BD886BD,REST.GET.OBJECT,Waldorf/EZLivingInteriors-Waldorf2Seater.usdz,GET /ez-living/Waldorf/EZLivingInteriors-Waldorf2Seater.usdz HTTP/1.1,206,-,524288,7380849,103,100,-,facebookexternalhit/1.1 (+http://www.facebook.com/externalhit_uatext.php),-,2SHCTjrRUE54ygJJUYuSNiaTbsUSNJFzlCvwcI6rTt1TzL4j8RCYG9hzwau+KKjEUywVLBN8G5A=,-,ECDHE-RSA-AES128-GCM-SHA256,-,s3-eu-west-1.amazonaws.com,TLSv1.2
2f0544e0e64958de8c656135fcdbad1af1b43808c0d0b974fc77f171694c558e,ez-living,[01/Jun/2020:21:37:25,+0000],31.13.103.18,-,2C0F5ED2DCDCE9FE,REST.GET.OBJECT,Marlow/MarlowVelvetNavy.usdz,GET /Marlow/MarlowVelvetNavy.usdz HTTP/1.1,206,-,524288,3074032,82,79,-,facebookexternalhit/1.1 (+http://www.facebook.com/externalhit_uatext.php),-,ci4u+3pToC9G/QBFelhX34O/pYV9Vjjq6Bn0SwxxpGqBrPXye9AIv0mb2wB5QvZ55kvvmbw7gw4=,-,ECDHE-RSA-AES128-GCM-SHA256,-,ez-living.s3-eu-west-1.amazonaws.com,TLSv1.2
2f0544e0e64958de8c656135fcdbad1af1b43808c0d0b974fc77f171694c558e,ez-living,[01/Jun/2020:12:53:54,+0000],31.13.127.31,-,3F9833D2DD8394CA,REST.GET.OBJECT,Scott/EZLivingInteriors-Scott3Leather.usdz,GET /ez-living/Scott/EZLivingInteriors-Scott3Leather.usdz HTTP/1.1,206,-,524288,7684059,82,75,-,facebookexternalhit/1.1 (+http://www.facebook.com/externalhit_uatext.php),-,A+8+Do0Aigg+UZL89+4jfE26UeXs3gRVacR6ZnxIzke5BC2QlSbX9gMHC7KnkXCI7h85hlaAkGw=,-,ECDHE-RSA-AES128-GCM-SHA256,-,s3-eu-west-1.amazonaws.com,TLSv1.2
2f0544e0e64958de8c656135fcdbad1af1b43808c0d0b974fc77f171694c558e,ez-living,[01/Jun/2020:08:33:46,+0000],17.58.102.45,-,2758AD215A718329,REST.GET.OBJECT,Portland/PortlandExpanded.usdz%2B%2BChecklist,GET /ez-living/Portland/PortlandExpanded.usdz%20%20Checklist HTTP/1.1,403,AccessDenied,243,-,15,-,-,"Mozilla/5.0 (Macintosh; Intel Mac OS X 10_10_1) AppleWebKit/600.2.5 (KHTML, like Gecko) Version/8.0.2 Safari/600.2.5 (Applebot/0.1; +http://www.apple.com/go/applebot)",-,2NdSCZ8hR6Oz30OSIp1fA3A/G5UnsjIbc398eSoHuqaIE3tYitvMbU5WLpXLlIGJCNCdzAsnfaI=,-,ECDHE-RSA-AES128-GCM-SHA256,-,s3.eu-west-1.amazonaws.com,TLSv1.2
2f0544e0e64958de8c656135fcdbad1af1b43808c0d0b974fc77f171694c558e,ez-living,[01/Jun/2020:10:29:32,+0000],54.164.181.5,-,DCBA356242206D43,REST.GET.BUCKET,-,GET /?max-keys=1 HTTP/1.1,400,AuthorizationHeaderMalformed,365,-,3,-,-,aws-sdk-dotnet-35/2.3.23.0 .NET Runtime/4.0 .NET Framework/4.0 OS/6.2.9200.0 ClientSync,-,CeVkIh5FdRouYp1Mz5UW69LmwvdPns9wRriMFd1jEUAIoWihRJcraK11yqyw97ivCAvib2/TEpk=,SigV4,ECDHE-RSA-AES128-SHA,AuthHeader,ez-living.s3.amazonaws.com,TLSv1
2f0544e0e64958de8c656135fcdbad1af1b43808c0d0b974fc77f171694c558e,ez-living,[01/Jun/2020:17:30:18,+0000],31.13.127.13,-,E9BF7E2BE61E94EB,REST.GET.OBJECT,Juno/EZLivingInteriors_-_JunoLeft.usdz,GET /ez-living/Juno/EZLivingInteriors_-_JunoLeft.usdz HTTP/1.1,206,-,524288,19290476,81,76,-,facebookexternalhit/1.1 (+http://www.facebook.com/externalhit_uatext.php),-,P3BGNuuL/ba3khwXCp1/AU0fCk2OFX5ZCm2rZGY9NyW7AK1gymNqtc19ORX4isN26farBhAaRq4=,-,ECDHE-RSA-AES128-GCM-SHA256,-,s3-eu-west-1.amazonaws.com,TLSv1.2
2f0544e0e64958de8c656135fcdbad1af1b43808c0d0b974fc77f171694c558e,ez-living,[01/Jun/2020:16:05:47,+0000],39.103.142.195,-,405F2EFCD8AC7120,REST.HEAD.OBJECT,dedecms/login.php,HEAD /dedecms/login.php HTTP/1.1,403,AccessDenied,243,-,15,-,-,-,-,xFxhDPRQmVTcHHmHV89LGZ/DtkWyQAS/oZKnxNFz9k01Xlt3HuCWQ0LbXNbnyPTKfQlb5oFsm/Q=,-,-,-,ez-living.s3-eu-west-1.amazonaws.com,-
2f0544e0e64958de8c656135fcdbad1af1b43808c0d0b974fc77f171694c558e,ez-living,[01/Jun/2020:20:52:28,+0000],140.255.62.156,-,34E7AEAC386D0065,REST.GET.OBJECT,Farrow/EZ...,GET /ez-living/Farrow/EZ... HTTP/1.1,403,AccessDenied,243,-,13,-,-,Mozilla/4.0 (compatible; MSIE 8.0; Windows NT 6.1; Trident/4.0),-,DHBeKjiugW7VGvoOLOTUy5UZDYepDjQ/woTHXBAO8N0ov2JRlgBPpPkZM2Sf11kWiDgeP64/jJ0=,-,ECDHE-RSA-AES128-SHA,-,s3-eu-west-1.amazonaws.com,TLSv1.2
2f0544e0e64958de8c656135fcdbad1af1b43808c0d0b974fc77f171694c558e,ez-living,[01/Jun/2020:16:05:47,+0000],39.103.142.195,-,09D06D01E4B3FC40,REST.HEAD.OBJECT,dede3/login.php,HEAD /dede3/login.php HTTP/1.1,403,AccessDenied,243,-,13,-,-,-,-,lA+DaxeW89OSUDZ7D4mEKgijkWkjYaAXpK6FtjMpaeuovlCtbXjRCmVQHmmDQgbfYjqRrFP5RZQ=,-,-,-,ez-living.s3-eu-west-1.amazonaws.com,-
2f0544e0e64958de8c656135fcdbad1af1b43808c0d0b974fc77f171694c558e,ez-living,[01/Jun/2020:20:52:38,+0000],140.255.62.156,-,633D03453094D1A9,REST.GET.OBJECT,Farrow/EZ...,GET /ez-living/Farrow/EZ... HTTP/1.1,403,AccessDenied,243,-,11,-,-,Mozilla/4.0 (compatible; MSIE 8.0; Windows NT 6.1; Trident/4.0),-,Jguo8+87sTcWjn5wSMrq7FKvaRPNmcAvs2wzyzXhtKoI9+OsHGpl+VmMp3sD02XpcvM36Bn2U6M=,-,ECDHE-RSA-AES128-SHA,-,s3-eu-west-1.amazonaws.com,TLSv1.2
2f0544e0e64958de8c656135fcdbad1af1b43808c0d0b974fc77f171694c558e,ez-living,[01/Jun/2020:20:43:45,+0000],173.252.83.14,-,A45BE0EDC7073690,REST.GET.OBJECT,Kendal/EZLivingInteriors_-_Kendal2SeaterGrey.usdz,GET /ez-living/Kendal/EZLivingInteriors_-_Kendal2SeaterGrey.usdz HTTP/1.1,206,-,524288,19283204,76,73,-,facebookexternalhit/1.1 (+http://www.facebook.com/externalhit_uatext.php),-,DpWfebt5nXd+YRoQBpCmT6rcLjpUtjfh87XFI/wKMRCHZRIMX2RsfikMeHeXst004mguotKzwAw=,-,ECDHE-RSA-AES128-GCM-SHA256,-,s3-eu-west-1.amazonaws.com,TLSv1.2
2f0544e0e64958de8c656135fcdbad1af1b43808c0d0b974fc77f171694c558e,ez-living,[01/Jun/2020:04:37:35,+0000],183.143.59.125,-,8D0131B93BAE64E1,REST.GET.OBJECT,Primrose/EZ...,GET /Primrose/EZ... HTTP/1.1,403,AccessDenied,243,-,22,-,-,Mozilla/4.0 (compatible; MSIE 8.0; Windows NT 6.1; Trident/4.0),-,NhjYXLRAutP8n1puGMSB6WSd3kSrHW5Ifb/jOneEHu87i0D/G4n2m3KUbvsRnwUFqMAvzl087xQ=,-,ECDHE-RSA-AES128-SHA,-,ez-living.s3-eu-west-1.amazonaws.com,TLSv1.2
2f0544e0e64958de8c656135fcdbad1af1b43808c0d0b974fc77f171694c558e,ez-living,[01/Jun/2020:00:43:25,+0000],40.77.167.37,-,7E0E0BCC826908C1,REST.GET.OBJECT,Kendal/EZLivingInteriors_-_Kendal2SeaterGrey.usdz,GET /ez-living/Kendal/EZLivingInteriors_-_Kendal2SeaterGrey.usdz HTTP/1.1,304,-,-,19283204,16,-,-,Mozilla/5.0 (compatible; bingbot/2.0; +http://www.bing.com/bingbot.htm),-,Sx+HZ5eCZXB7ju+Vn3MBGwsbZH7WlFRQ3cibkmQMQcKp4a9jKylEGGFt29mIkp8A2ECT0VmEs94=,-,ECDHE-RSA-AES128-GCM-SHA256,-,s3-eu-west-1.amazonaws.com,TLSv1.2
2f0544e0e64958de8c656135fcdbad1af1b43808c0d0b974fc77f171694c558e,ez-living,[01/Jun/2020:17:30:18,+0000],31.13.127.118,-,3E021A4214385654,REST.GET.OBJECT,Juno/EZLivingInteriors_-_JunoRight.usdz,GET /ez-living/Juno/EZLivingInteriors_-_JunoRight.usdz HTTP/1.1,206,-,524288,19286125,80,77,-,facebookexternalhit/1.1 (+http://www.facebook.com/externalhit_uatext.php),-,J3dXmkInQ8FEJjuwFVVTSWb3BRK8no/ZYSO4YVTIYKiSEszr9fAD7crsYOuH0VWbKmNfM1FqmJg=,-,ECDHE-RSA-AES128-GCM-SHA256,-,s3-eu-west-1.amazonaws.com,TLSv1.2
2f0544e0e64958de8c656135fcdbad1af1b43808c0d0b974fc77f171694c558e,ez-living,[01/Jun/2020:03:43:17,+0000],31.13.115.113,-,CDB2B05B3BCE3FF3,REST.GET.OBJECT,Scott/EZLivingInteriors-Scott3Leather.usdz,GET /ez-living/Scott/EZLivingInteriors-Scott3Leather.usdz HTTP/1.1,206,-,524288,7684059,54,50,-,facebookexternalhit/1.1 (+http://www.facebook.com/externalhit_uatext.php),-,Tfu+j9ulsIW4b1deDY8Hzxp2HWdZ695h0rieqz2bjE30V7FBBu0fYnqvXkfdFSQa+TNqb1zHRq4=,-,ECDHE-RSA-AES128-GCM-SHA256,-,s3-eu-west-1.amazonaws.com,TLSv1.2
2f0544e0e64958de8c656135fcdbad1af1b43808c0d0b974fc77f171694c558e,ez-living,[01/Jun/2020:03:04:24,+0000],88.99.161.235,-,92BBC641E0D1DB48,REST.GET.OBJECT,administrator/components/com_wstools/views/sypexdumper/tmpl/sxd/index.php,GET /administrator/components/com_wstools/views/sypexdumper/tmpl/sxd/index.php HTTP/1.1,403,AccessDenied,243,-,44,-,http://ez-living.s3-eu-west-1.amazonaws.com/administrator/components/com_wstools/views/sypexdumper/tmpl/sxd/index.php,"Mozilla/5.0 (Macintosh; Intel Mac OS X 10_11_6) AppleWebKit/537.36 (KHTML, like Gecko) Chrome/67.0.3396.79 Safari/537.36",-,V+5XsFRfmuY8F/Whs7QGcAkSu4P8eFOMty9kPNtceVaoU4zoqz5dYFdkvsQoEI4Smj2ctjZjQv4=,-,-,-,ez-living.s3-eu-west-1.amazonaws.com,-
2f0544e0e64958de8c656135fcdbad1af1b43808c0d0b974fc77f171694c558e,ez-living,[01/Jun/2020:20:06:32,+0000],115.234.106.65,-,A54A1853C5967A28,REST.GET.OBJECT,Primrose/EZ...,GET /Primrose/EZ... HTTP/1.1,403,AccessDenied,243,-,14,-,-,Mozilla/4.0 (compatible; MSIE 8.0; Windows NT 6.1; Trident/4.0),-,4rRBz3PfAZdDYmyfj2oKa9PwX/CZtBw6Ymk51WKOqWyWBs+wkNzeQvWrePk83pfezLenmALLB5w=,-,ECDHE-RSA-AES128-SHA,-,ez-living.s3-eu-west-1.amazonaws.com,TLSv1.2
2f0544e0e64958de8c656135fcdbad1af1b43808c0d0b974fc77f171694c558e,ez-living,[01/Jun/2020:20:21:40,+0000],114.119.160.230,-,611B2975E74497FC,REST.GET.OBJECT,robots.txt,GET /robots.txt HTTP/1.1,403,AccessDenied,243,-,12,-,-,"Mozilla/5.0 (Linux; Android 7.0;) AppleWebKit/537.36 (KHTML, like Gecko) Mobile Safari/537.36 (compatible; PetalBot;+https://aspiegel.com/petalbot)",-,MR6mr2/KrmGuK7tJvPjM5VxV9SO5efziDfatuGSaYZMMbDVylA3JBvu/ckB3agdKM9dv10dvnJw=,-,ECDHE-RSA-AES128-SHA,-,ez-living.s3-eu-west-1.amazonaws.com,TLSv1.2
2f0544e0e64958de8c656135fcdbad1af1b43808c0d0b974fc77f171694c558e,ez-living,[01/Jun/2020:13:29:22,+0000],39.103.142.195,-,2D36FD540F529A1A,REST.GET.OBJECT,robots.txt,GET /robots.txt HTTP/1.1,403,AccessDenied,243,-,12,-,-,Mozilla/5.0 (Windows NT 10.0; WOW64; rv:48.0) Gecko/20100101 Firefox/48.0,-,eOZUzeS8URllGNdmfFFgOkxhPCh2h2EtUecq7Yb1J3X9UtzVHAcRgt6mf8FG9SaHogATQlOnjy0=,-,-,-,ez-living.s3-eu-west-1.amazonaws.com,-
2f0544e0e64958de8c656135fcdbad1af1b43808c0d0b974fc77f171694c558e,ez-living,[01/Jun/2020:20:43:45,+0000],173.252.83.24,-,916B6F394343B197,REST.GET.OBJECT,Kendal/EZLivingInteriors_-_Kendal3SeaterGrey.usdz,GET /ez-living/Kendal/EZLivingInteriors_-_Kendal3SeaterGrey.usdz HTTP/1.1,206,-,524288,10214778,73,70,-,facebookexternalhit/1.1 (+http://www.facebook.com/externalhit_uatext.php),-,lxf3Xa1MYweD4Wne8vi6qflKUqtxQLdDkecOOL9AqRaaV3RZfA1YHblR0GujnWnypq4HQbGMWjY=,-,ECDHE-RSA-AES128-GCM-SHA256,-,s3-eu-west-1.amazonaws.com,TLSv1.2
2f0544e0e64958de8c656135fcdbad1af1b43808c0d0b974fc77f171694c558e,ez-living,[01/Jun/2020:11:58:19,+0000],31.13.127.6,-,4910DA2AA4146A92,REST.GET.OBJECT,Juno/EZLivingInteriors_-_JunoLeft.usdz,GET /ez-living/Juno/EZLivingInteriors_-_JunoLeft.usdz HTTP/1.1,206,-,524288,19290476,82,78,-,facebookexternalhit/1.1 (+http://www.facebook.com/externalhit_uatext.php),-,jrkNdXT7kMBOxhOPwFX07L8Mar10lT6d8g8ESNvQXj8YO0cWII9SH6duWqV1ZHngp8lgLVtWnHU=,-,ECDHE-RSA-AES128-GCM-SHA256,-,s3-eu-west-1.amazonaws.com,TLSv1.2
2f0544e0e64958de8c656135fcdbad1af1b43808c0d0b974fc77f171694c558e,ez-living,[01/Jun/2020:22:24:55,+0000],173.252.95.112,-,3CA8628BEB211799,REST.GET.OBJECT,Scott/EZLivingInteriors-Scott3Leather.usdz,GET /ez-living/Scott/EZLivingInteriors-Scott3Leather.usdz HTTP/1.1,206,-,524288,7684059,105,101,-,facebookexternalhit/1.1 (+http://www.facebook.com/externalhit_uatext.php),-,rY3kT1S8vwoUzaTOAr4rStm56BLHbeESE4S8Er3xPlEES2GJA1XYxAc/tZzDHyvtsqZdBWTw7Mw=,-,ECDHE-RSA-AES128-GCM-SHA256,-,s3-eu-west-1.amazonaws.com,TLSv1.2
2f0544e0e64958de8c656135fcdbad1af1b43808c0d0b974fc77f171694c558e,ez-living,[01/Jun/2020:03:04:24,+0000],88.99.161.235,-,FFC19C2C2B01BC5F,REST.GET.OBJECT,administrator/components/com_wstools/views/sypexdumper/tmpl/sxd/index.php,GET /administrator/components/com_wstools/views/sypexdumper/tmpl/sxd/index.php HTTP/1.1,403,AccessDenied,243,-,13,-,https://ez-living.s3-eu-west-1.amazonaws.com/administrator/components/com_wstools/views/sypexdumper/tmpl/sxd/index.php,"Mozilla/5.0 (Macintosh; Intel Mac OS X 10_11_6) AppleWebKit/537.36 (KHTML, like Gecko) Chrome/67.0.3396.79 Safari/537.36",-,LZBZRj3oAAbGZrgAQdrMURii/I9739tKjpTKCmSmmox4T5RN/qwbh8BgYxdhouicl9FCctupwqg=,-,ECDHE-RSA-AES128-GCM-SHA256,-,ez-living.s3-eu-west-1.amazonaws.com,TLSv1.2
2f0544e0e64958de8c656135fcdbad1af1b43808c0d0b974fc77f171694c558e,ez-living,[01/Jun/2020:17:15:54,+0000],39.101.128.217,-,81DF4733DBD8C265,REST.GET.OBJECT,data/admin/allowurl.txt,GET /data/admin/allowurl.txt HTTP/1.1,403,AccessDenied,243,-,14,-,-,Mozilla/5.0 (Windows NT 10.0; WOW64; rv:48.0) Gecko/20100101 Firefox/48.0,-,oh7j+mufp1eCNRwktyWqvKkiZwnF8osnRSKEtvVuf3Xv59zDFV4llbyP5RNU8N+Dy4zOCMhHcnE=,-,-,-,ez-living.s3-eu-west-1.amazonaws.com,-
2f0544e0e64958de8c656135fcdbad1af1b43808c0d0b974fc77f171694c558e,ez-living,[01/Jun/2020:20:43:45,+0000],173.252.83.2,-,62B5CB1330005D12,REST.GET.OBJECT,Kendal/EZLivingInteriors_-_Kendal3SeaterBlue.usdz,GET /ez-living/Kendal/EZLivingInteriors_-_Kendal3SeaterBlue.usdz HTTP/1.1,206,-,524288,6367034,92,88,-,facebookexternalhit/1.1 (+http://www.facebook.com/externalhit_uatext.php),-,csaHbHNczhJD4HOtF5n7k/xH6lAdg7PiQ2jAX+xPcj2b2zfnjaZbjEwm1xGXyHpxeI1GwmSXYWM=,-,ECDHE-RSA-AES128-GCM-SHA256,-,s3-eu-west-1.amazonaws.com,TLSv1.2
2f0544e0e64958de8c656135fcdbad1af1b43808c0d0b974fc77f171694c558e,ez-living,[01/Jun/2020:10:50:32,+0000],54.175.118.73,arn:aws:sts::878630915641:assumed-role/S3statLogReaders/S3statLogDownload,30B09AFC33C53E2A,REST.GET.BUCKET,-,GET /?max-keys=1 HTTP/1.1,200,-,429,-,29,28,-,aws-sdk-dotnet-35/2.3.23.0 .NET Runtime/4.0 .NET Framework/4.0 OS/6.2.9200.0 ClientSync,-,h9kloB9dC9uypXr4mmVfmGCG0hipWhRdj7uHJiVbPMqCekIOC+2Ie7pAxPT+IZoQs9MORdjwX8k=,SigV4,ECDHE-RSA-AES128-SHA,AuthHeader,ez-living.s3-eu-west-1.amazonaws.com,TLSv1
2f0544e0e64958de8c656135fcdbad1af1b43808c0d0b974fc77f171694c558e,ez-living,[01/Jun/2020:13:51:37,+0000],167.172.255.43,-,88774F2C20612751,REST.GET.BUCKET,-,GET / HTTP/1.0,403,AccessDenied,243,-,7,-,-,Mozilla/5.0 (compatible; NetcraftSurveyAgent/1.0; +info@netcraft.com),-,GAdKHFFUVqnwISO0YQta4R+0pXKbqbI2H6+NWWMC3vWIYsw09qeSg+i3cSMgHSdkx1ZU48o8sl4=,-,-,-,ez-living.s3-eu-west-1.amazonaws.com,-
2f0544e0e64958de8c656135fcdbad1af1b43808c0d0b974fc77f171694c558e,ez-living,[01/Jun/2020:16:05:48,+0000],39.103.142.195,-,2576446F25DEE933,REST.HEAD.OBJECT,admindede888,HEAD /admindede888 HTTP/1.1,403,AccessDenied,243,-,13,-,-,-,-,52h1E94GIHS9Fzjc3U/aXMDn1AmX2F+PUqNOh7dB5edrtKOxOcA00lAl61OKi8V/2l4q/9DASpM=,-,-,-,ez-living.s3-eu-west-1.amazonaws.com,-
2f0544e0e64958de8c656135fcdbad1af1b43808c0d0b974fc77f171694c558e,ez-living,[01/Jun/2020:11:59:33,+0000],110.229.216.218,-,06B5F35522AF3D8A,REST.POST.OBJECT,index.php,POST /index.php HTTP/1.1,405,MethodNotAllowed,348,-,8,-,-,Mozilla/5.0 (Windows NT 10.0; WOW64; rv:48.0) Gecko/20100101 Firefox/48.0,-,3nmoWG0Zd+w4pDcUSDk10+7ua5jytOAKRUXb1Rmy/79FpOPmbrSY1iwO+F4bapRSD/q51+HdxeE=,-,-,-,ez-living.s3-eu-west-1.amazonaws.com,-
2f0544e0e64958de8c656135fcdbad1af1b43808c0d0b974fc77f171694c558e,ez-living,[01/Jun/2020:20:11:51,+0000],118.190.53.55,-,408DE2FAAD236E8E,REST.GET.OBJECT,index.php,GET /index.php?m=admin&c=index&a=login&dosubmit=1 HTTP/1.1,403,AccessDenied,243,-,14,-,-,Mozilla/5.0 (Windows NT 10.0; WOW64; rv:48.0) Gecko/20100101 Firefox/48.0,-,Ch1nbfHPaJPZLfxFsa+s7+hFD4ol7pnvjM540dEl4AC2rAznWiPGCXappwv/C3COx4WIqQwML88=,-,-,-,ez-living.s3-eu-west-1.amazonaws.com,-
2f0544e0e64958de8c656135fcdbad1af1b43808c0d0b974fc77f171694c558e,ez-living,[01/Jun/2020:14:18:07,+0000],39.103.142.195,-,FA7EDCAFAB07CD39,REST.GET.OBJECT,css/album.css,GET /css/album.css HTTP/1.1,403,AccessDenied,243,-,16,-,-,Mozilla/5.0 (Windows NT 10.0; WOW64; rv:48.0) Gecko/20100101 Firefox/48.0,-,paHxjYoeA1U1SaenipDgHr0JCS/iv/98HX1Sr/TJgYphV/u0C8LzVjlbaiUr7q8qGo4e47f+5mU=,-,-,-,ez-living.s3-eu-west-1.amazonaws.com,-
2f0544e0e64958de8c656135fcdbad1af1b43808c0d0b974fc77f171694c558e,ez-living,[01/Jun/2020:11:31:05,+0000],31.13.127.112,-,25BB1BD79480F12F,REST.GET.OBJECT,Marlow/MarlowVelvetNavy.usdz,GET /Marlow/MarlowVelvetNavy.usdz HTTP/1.1,206,-,524288,3074032,63,60,-,facebookexternalhit/1.1 (+http://www.facebook.com/externalhit_uatext.php),-,VojMW9cMZfsMcEjrUulz/OvkieuchLnrg/DQOKnE5eDr4IflBmtmKfKc0FjtYiQ4YnSsID9RSQk=,-,ECDHE-RSA-AES128-GCM-SHA256,-,ez-living.s3-eu-west-1.amazonaws.com,TLSv1.2
2f0544e0e64958de8c656135fcdbad1af1b43808c0d0b974fc77f171694c558e,ez-living,[01/Jun/2020:10:50:31,+0000],54.175.118.73,-,2D83BC18B09C24A6,REST.GET.BUCKET,-,GET /?max-keys=1 HTTP/1.1,400,AuthorizationHeaderMalformed,365,-,51,-,-,aws-sdk-dotnet-35/2.3.23.0 .NET Runtime/4.0 .NET Framework/4.0 OS/6.2.9200.0 ClientSync,-,FBCzfLRob0olRldlExQaWHIjF+GNPTMRvghUFBmnOByThKK2NvkxfLLj1CHWQkYi7SONAdER8oI=,SigV4,ECDHE-RSA-AES128-SHA,AuthHeader,ez-living.s3.amazonaws.com,TLSv1
2f0544e0e64958de8c656135fcdbad1af1b43808c0d0b974fc77f171694c558e,ez-living,[01/Jun/2020:20:43:45,+0000],173.252.83.24,-,0CEF5097D153DB05,REST.GET.OBJECT,Natty/EZLivingInteriors_-_NattySofa.usdz,GET /ez-living/Natty/EZLivingInteriors_-_NattySofa.usdz HTTP/1.1,206,-,524288,13549078,82,79,-,facebookexternalhit/1.1 (+http://www.facebook.com/externalhit_uatext.php),-,idf97KVZaW/Mp7KfszFMj0lTwj7JrRnXtlu69sLoSnXX6mGzYz/sEE7Kzf3StrhbmDSKQGVciZI=,-,ECDHE-RSA-AES128-GCM-SHA256,-,s3-eu-west-1.amazonaws.com,TLSv1.2
2f0544e0e64958de8c656135fcdbad1af1b43808c0d0b974fc77f171694c558e,ez-living,[01/Jun/2020:10:29:48,+0000],31.13.103.120,-,01AA028E0F5E4E5A,REST.GET.OBJECT,Scott/EZLivingInteriors-Scott3Leather.usdz,GET /ez-living/Scott/EZLivingInteriors-Scott3Leather.usdz HTTP/1.1,206,-,524288,7684059,88,85,-,facebookexternalhit/1.1 (+http://www.facebook.com/externalhit_uatext.php),-,dv2FHr/hks8FXtsZ74TwFeFrZFdvqLGf+qu5VBD+ukuWY5H0XJiUa/4jyso9/+O+7ujfpWATRes=,-,ECDHE-RSA-AES128-GCM-SHA256,-,s3-eu-west-1.amazonaws.com,TLSv1.2
2f0544e0e64958de8c656135fcdbad1af1b43808c0d0b974fc77f171694c558e,ez-living,[01/Jun/2020:10:29:32,+0000],54.164.181.5,-,65EE75F477581CF6,REST.GET.BUCKET,-,GET /?max-keys=1 HTTP/1.1,301,PermanentRedirect,455,-,1,-,-,aws-sdk-dotnet-35/2.3.23.0 .NET Runtime/4.0 .NET Framework/4.0 OS/6.2.9200.0 ClientSync,-,gIl0zUGLFvkugw4wXYI6WDfLzJcFS56Lmpts5R/ihOTYsJWevL1jqwQZGBj0q8gZXAgullAZ0rw=,-,ECDHE-RSA-AES128-SHA,-,ez-living.s3-us-west-1.amazonaws.com,TLSv1
2f0544e0e64958de8c656135fcdbad1af1b43808c0d0b974fc77f171694c558e,ez-living,[01/Jun/2020:20:43:45,+0000],173.252.83.4,-,0D462B791A05FA83,REST.GET.OBJECT,Waldorf/EZLivingInteriors-WaldorfChair.usdz,GET /ez-living/Waldorf/EZLivingInteriors-WaldorfChair.usdz HTTP/1.1,206,-,524288,7406346,90,86,-,facebookexternalhit/1.1 (+http://www.facebook.com/externalhit_uatext.php),-,sXLxC+VtDpgqiC17MODHDHthwUJIrPWWJ8wfjM2KrVU+iD1g+kmn6ByRmtnwNkuc/mgVEFIolOk=,-,ECDHE-RSA-AES128-GCM-SHA256,-,s3-eu-west-1.amazonaws.com,TLSv1.2
2f0544e0e64958de8c656135fcdbad1af1b43808c0d0b974fc77f171694c558e,ez-living,[01/Jun/2020:11:31:05,+0000],31.13.127.19,-,22788E7C4CF4C855,REST.GET.OBJECT,Marlow/MarlowVelvetGreen.usdz,GET /Marlow/MarlowVelvetGreen.usdz HTTP/1.1,206,-,524288,3065265,80,76,-,facebookexternalhit/1.1 (+http://www.facebook.com/externalhit_uatext.php),-,IZ3U7S3x7+Et/LKW4o2dZD0cWmrDbC7y0kTVmUJejoz/d/BJ5pMXKmi2sVpxD81q/vcK3opI86A=,-,ECDHE-RSA-AES128-GCM-SHA256,-,ez-living.s3-eu-west-1.amazonaws.com,TLSv1.2
2f0544e0e64958de8c656135fcdbad1af1b43808c0d0b974fc77f171694c558e,ez-living,[01/Jun/2020:16:50:10,+0000],218.93.105.32,-,3E25D6749AECB757,REST.GET.OBJECT,install/index.php.bak,GET /install/index.php.bak?step=11&insLockfile=x&s_lang=x&install_demo_name=../data/admin/config_update.php HTTP/1.1,403,AccessDenied,243,-,23,-,-,python-requests/2.23.0,-,bo4M60lY3omTmB8AP+E/seSRT2v3HpZ9Nx10nHBzpF9NWo5aWnwIU6RTh2WvjyOGAHd2WPm7f7o=,-,-,-,ez-living.s3-eu-west-1.amazonaws.com,-
2f0544e0e64958de8c656135fcdbad1af1b43808c0d0b974fc77f171694c558e,ez-living,[01/Jun/2020:21:26:17,+0000],31.13.103.120,-,A427BA7D53C4A3A2,REST.GET.OBJECT,Waldorf/EZLivingInteriors-Waldorf3Seater.usdz,GET /ez-living/Waldorf/EZLivingInteriors-Waldorf3Seater.usdz HTTP/1.1,206,-,524288,7342582,76,72,-,facebookexternalhit/1.1 (+http://www.facebook.com/externalhit_uatext.php),-,zZHDZc/5Zt3dXBdxjB3vuA9aXCX2it+TRNBM3WY3DwWLMpG59xeiHeo2Zh5jrd7aVeDTZkL+yOw=,-,ECDHE-RSA-AES128-GCM-SHA256,-,s3-eu-west-1.amazonaws.com,TLSv1.2
2f0544e0e64958de8c656135fcdbad1af1b43808c0d0b974fc77f171694c558e,ez-living,[01/Jun/2020:20:52:38,+0000],140.255.62.156,-,1D90AD3E474695CB,REST.GET.OBJECT,Farrow/EZ...,GET /ez-living/Farrow/EZ... HTTP/1.1,403,AccessDenied,243,-,16,-,-,Mozilla/4.0 (compatible; MSIE 8.0; Windows NT 6.1; Trident/4.0),-,tI31uZTaRFTzlpcfvrw/i0p5e+reeOIQ/Ma9dDsJ2zHqW71wTh/J/7+YjqBmX4Ngj0CW7BuxMNQ=,-,ECDHE-RSA-AES128-SHA,-,s3-eu-west-1.amazonaws.com,TLSv1.2
2f0544e0e64958de8c656135fcdbad1af1b43808c0d0b974fc77f171694c558e,ez-living,[01/Jun/2020:11:31:05,+0000],31.13.127.112,-,68E1C6F88E2C2ED8,REST.GET.OBJECT,Marlow/MarlowVelvetCharcoal.usdz,GET /Marlow/MarlowVelvetCharcoal.usdz HTTP/1.1,206,-,524288,3072372,65,60,-,facebookexternalhit/1.1 (+http://www.facebook.com/externalhit_uatext.php),-,ZiCU8ZdCm0iwI178r81gMGELZ/iktGnpYVsY2xxrlzKhFapna2887MrruJRLr2TLT+qEcoC196A=,-,ECDHE-RSA-AES128-GCM-SHA256,-,ez-living.s3-eu-west-1.amazonaws.com,TLSv1.2
2f0544e0e64958de8c656135fcdbad1af1b43808c0d0b974fc77f171694c558e,ez-living,[01/Jun/2020:16:05:47,+0000],39.103.142.195,-,01066EF3B3D6D1E2,REST.HEAD.OBJECT,admin123/login.php,HEAD /admin123/login.php HTTP/1.1,403,AccessDenied,243,-,12,-,-,-,-,uejrMIFnJRFXIcfRdpU0Du5vfLOUD0EAUg4vrMgQR9d6qT0EoB+dPAHaRm2uLf8r0SxX8pjbvMo=,-,-,-,ez-living.s3-eu-west-1.amazonaws.com,-
2f0544e0e64958de8c656135fcdbad1af1b43808c0d0b974fc77f171694c558e,ez-living,[01/Jun/2020:10:29:32,+0000],54.164.181.5,-,CEC2D2D93C1E1E26,REST.GET.LOCATION,-,GET /?location HTTP/1.1,400,AuthorizationHeaderMalformed,365,-,2,-,-,aws-sdk-dotnet-35/2.3.23.0 .NET Runtime/4.0 .NET Framework/4.0 OS/6.2.9200.0 ClientSync,-,4EJCYnyZ3KKnBtBAxFKyEnsAjMiSZGpYW//Sa28Z3sYn6nAF8rfCExp482/AcVavuN982UiUt2o=,SigV4,ECDHE-RSA-AES128-SHA,AuthHeader,ez-living.s3.amazonaws.com,TLSv1
2f0544e0e64958de8c656135fcdbad1af1b43808c0d0b974fc77f171694c558e,ez-living,[01/Jun/2020:11:58:19,+0000],31.13.127.6,-,6BA62BA071866042,REST.GET.OBJECT,Juno/EZLivingInteriors_-_JunoRight.usdz,GET /ez-living/Juno/EZLivingInteriors_-_JunoRight.usdz HTTP/1.1,206,-,524288,19286125,73,70,-,facebookexternalhit/1.1 (+http://www.facebook.com/externalhit_uatext.php),-,+IheYQopKc3qp5QWoYZ7+mCd6zNkfQH5G6tXK0BRhj4np07q2UCdFEgV2n6RF0atUzOBx/ekY0w=,-,ECDHE-RSA-AES128-GCM-SHA256,-,s3-eu-west-1.amazonaws.com,TLSv1.2
2f0544e0e64958de8c656135fcdbad1af1b43808c0d0b974fc77f171694c558e,ez-living,[01/Jun/2020:20:06:33,+0000],115.234.106.65,-,AB8CF5F81738B8FD,REST.GET.OBJECT,Primrose/EZ...,GET /Primrose/EZ... HTTP/1.1,403,AccessDenied,243,-,11,-,-,Mozilla/4.0 (compatible; MSIE 8.0; Windows NT 6.1; Trident/4.0),-,/YuyDdsEA7ueBwl7JL7FuWY9v0vbEM6XOVjGUzQozjHs0rSmgBmVYLWHls1+civyLwTFh8kJvM0=,-,ECDHE-RSA-AES128-SHA,-,ez-living.s3-eu-west-1.amazonaws.com,TLSv1.2
2f0544e0e64958de8c656135fcdbad1af1b43808c0d0b974fc77f171694c558e,ez-living,[01/Jun/2020:16:05:47,+0000],39.103.142.195,-,5DA5DF26EBD0F228,REST.HEAD.OBJECT,admin/login.php,HEAD /admin/login.php HTTP/1.1,403,AccessDenied,243,-,16,-,-,-,-,IFaWK2OJ7TjdjUsAn5L+pM1MYzSlaHfNSd8NRxBZzFVGTUNVIJzNYign0/jSifXANqTogj9650E=,-,-,-,ez-living.s3-eu-west-1.amazonaws.com,-
2f0544e0e64958de8c656135fcdbad1af1b43808c0d0b974fc77f171694c558e,ez-living,[01/Jun/2020:20:43:45,+0000],173.252.83.17,-,F24C4F459BE8B1A6,REST.GET.OBJECT,Kendal/EZLivingInteriors_-_KendalArmchairGrey.usdz,GET /ez-living/Kendal/EZLivingInteriors_-_KendalArmchairGrey.usdz HTTP/1.1,206,-,524288,7786485,76,73,-,facebookexternalhit/1.1 (+http://www.facebook.com/externalhit_uatext.php),-,6kKinGwd4TOHlo2RV4TFtQCdPDsgFP24OGsYevubfvIMuJoMtCf0RIXrBTGG9R8QYfirRJWBpjw=,-,ECDHE-RSA-AES128-GCM-SHA256,-,s3-eu-west-1.amazonaws.com,TLSv1.2
2f0544e0e64958de8c656135fcdbad1af1b43808c0d0b974fc77f171694c558e,ez-living,[01/Jun/2020:16:05:47,+0000],39.103.142.195,-,D74CF89ED412E043,REST.HEAD.OBJECT,adminlogin/login.php,HEAD /adminlogin/login.php HTTP/1.1,403,AccessDenied,243,-,11,-,-,-,-,pivTOW8laVCRO0Pivi3FLWYJ6MfUNSBSkQqYPDDjX2LpCVilUul41mfj1uloxLnH+fP104Msd6s=,-,-,-,ez-living.s3-eu-west-1.amazonaws.com,-
2f0544e0e64958de8c656135fcdbad1af1b43808c0d0b974fc77f171694c558e,ez-living,[01/Jun/2020:16:05:47,+0000],39.103.142.195,-,F4ED2CDD053F54B6,REST.HEAD.OBJECT,manager/login.php,HEAD /manager/login.php HTTP/1.1,403,AccessDenied,243,-,7,-,-,-,-,6cpNWoSMDMI9Xqkf7KIdik+Pc3YrtNj3P7C91YqCWI6E6GblKGFPKpi8FEbU1w+nO4n9/PRSFgc=,-,-,-,ez-living.s3-eu-west-1.amazonaws.com,-
2f0544e0e64958de8c656135fcdbad1af1b43808c0d0b974fc77f171694c558e,ez-living,[01/Jun/2020:16:05:48,+0000],39.103.142.195,-,9858F8C660AD1995,REST.HEAD.OBJECT,haian360/login.php,HEAD /haian360/login.php HTTP/1.1,403,AccessDenied,243,-,7,-,-,-,-,4V5LwAR1o3munhBueKkORFbqawlOVOkm7zh+vxNvUifqjjbH0QccM4nL/gQj5ZVnteoDCyHoQkg=,-,-,-,ez-living.s3-eu-west-1.amazonaws.com,-
2f0544e0e64958de8c656135fcdbad1af1b43808c0d0b974fc77f171694c558e,ez-living,[01/Jun/2020:19:18:56,+0000],114.119.161.250,-,B05704A086221FAB,REST.GET.OBJECT,robots.txt,GET /robots.txt HTTP/1.1,403,AccessDenied,243,-,11,-,-,"Mozilla/5.0 (Linux; Android 7.0;) AppleWebKit/537.36 (KHTML, like Gecko) Mobile Safari/537.36 (compatible; PetalBot;+https://aspiegel.com/petalbot)",-,tuGGhBakEEC1NCHFlfewtNtYcJp8331mOohwH6pgPZji1EuHPKOc6Soth7PPqDg8b/iaVYnxJlE=,-,ECDHE-RSA-AES128-SHA,-,ez-living.s3-eu-west-1.amazonaws.com,TLSv1.2
2f0544e0e64958de8c656135fcdbad1af1b43808c0d0b974fc77f171694c558e,ez-living,[01/Jun/2020:16:05:47,+0000],39.103.142.195,-,EE9491CE42440EC5,REST.HEAD.OBJECT,guanli/login.php,HEAD /guanli/login.php HTTP/1.1,403,AccessDenied,243,-,11,-,-,-,-,bMaFGw38SSWkuDp691HDNzYNsBeNQ/1GTAKIM6DspRuS0ANYQXtz2Ub6OARMLEjbEyL9g5SBzXw=,-,-,-,ez-living.s3-eu-west-1.amazonaws.com,-
2f0544e0e64958de8c656135fcdbad1af1b43808c0d0b974fc77f171694c558e,ez-living,[01/Jun/2020:22:27:24,+0000],31.13.127.117,-,4708F76EF3D9E704,REST.GET.OBJECT,Juno/EZLivingInteriors_-_JunoLeft.usdz,GET /ez-living/Juno/EZLivingInteriors_-_JunoLeft.usdz HTTP/1.1,206,-,524288,19290476,79,76,-,facebookexternalhit/1.1 (+http://www.facebook.com/externalhit_uatext.php),-,J1oM+zGMLQsP3z3enemHTOgiytvp2IIpPngmLL6SUDIsHZJO+b2DWfIG2yzao5frxKAGYbbND+M=,-,ECDHE-RSA-AES128-GCM-SHA256,-,s3-eu-west-1.amazonaws.com,TLSv1.2
2f0544e0e64958de8c656135fcdbad1af1b43808c0d0b974fc77f171694c558e,ez-living,[01/Jun/2020:11:31:05,+0000],31.13.127.9,-,F053A6BEFC524E92,REST.GET.OBJECT,Marlow/MarlowFabricDarkWood.usdz,GET /Marlow/MarlowFabricDarkWood.usdz HTTP/1.1,206,-,524288,4875338,85,79,-,facebookexternalhit/1.1 (+http://www.facebook.com/externalhit_uatext.php),-,YT4jb4pFyMFjE7bhSzFgpaYPl4CoJafPL7AmZBTKIGMP6OlaWDFUWAiQooBkvftTthJHlRy66oY=,-,ECDHE-RSA-AES128-GCM-SHA256,-,ez-living.s3-eu-west-1.amazonaws.com,TLSv1.2
2f0544e0e64958de8c656135fcdbad1af1b43808c0d0b974fc77f171694c558e,ez-living,[01/Jun/2020:05:42:47,+0000],52.191.190.62,-,81780CED89E9E222,REST.GET.OBJECT,.env,GET /.env HTTP/1.1,403,AccessDenied,243,-,28,-,-,-,-,+Bwgt+zOp46cPgizzyKkQb+D41HB1tJsJw96yo0mNMbiDcCrTKXxmI5sJXVdIz1liFqUpvaGQpI=,-,-,-,ez-living.s3-eu-west-1.amazonaws.com,-
2f0544e0e64958de8c656135fcdbad1af1b43808c0d0b974fc77f171694c558e,ez-living,[01/Jun/2020:10:50:31,+0000],54.175.118.73,-,02C7411C078BC1CE,REST.GET.BUCKET,-,GET /?max-keys=1 HTTP/1.1,301,PermanentRedirect,455,-,3,-,-,aws-sdk-dotnet-35/2.3.23.0 .NET Runtime/4.0 .NET Framework/4.0 OS/6.2.9200.0 ClientSync,-,MwWK8nbFdOMONY416aK7nnz7CBOuHO6zRWDdu+8i3c3fwZaP6nSPZjEg5Qy4PSWp8x4LX7bodK8=,-,ECDHE-RSA-AES128-SHA,-,ez-living.s3-us-west-1.amazonaws.com,TLSv1
2f0544e0e64958de8c656135fcdbad1af1b43808c0d0b974fc77f171694c558e,ez-living,[01/Jun/2020:00:01:18,+0000],31.13.127.116,-,DEE1E463E96C1C90,REST.GET.OBJECT,Juno/EZLivingInteriors_-_JunoRight.usdz,GET /ez-living/Juno/EZLivingInteriors_-_JunoRight.usdz HTTP/1.1,206,-,524288,19286125,93,89,-,facebookexternalhit/1.1 (+http://www.facebook.com/externalhit_uatext.php),-,yltXIv3j6JW3y6MfxINEPyu9yNpRR/vLORJN4SHo8KguddFR58Q9Fn6rOREdwwZwl/F+VZUEEn0=,-,ECDHE-RSA-AES128-GCM-SHA256,-,s3-eu-west-1.amazonaws.com,TLSv1.2
2f0544e0e64958de8c656135fcdbad1af1b43808c0d0b974fc77f171694c558e,ez-living,[01/Jun/2020:16:05:47,+0000],39.103.142.195,-,F6B8CF3D5F52E077,REST.HEAD.OBJECT,dede/login.php,HEAD /dede/login.php HTTP/1.1,403,AccessDenied,243,-,11,-,-,-,-,i7fFZbXJi6aMULLEuBfwRXgaabTQBNaf7Lt1mdgVC6APiI7GXQNYj7QPMQF7Yto6YlUAuEiuoMM=,-,-,-,ez-living.s3-eu-west-1.amazonaws.com,-
2f0544e0e64958de8c656135fcdbad1af1b43808c0d0b974fc77f171694c558e,ez-living,[01/Jun/2020:21:37:25,+0000],31.13.103.19,-,6A434A1CB737643C,REST.GET.OBJECT,Marlow/MarlowVelvetGreen.usdz,GET /Marlow/MarlowVelvetGreen.usdz HTTP/1.1,206,-,524288,3065265,75,70,-,facebookexternalhit/1.1 (+http://www.facebook.com/externalhit_uatext.php),-,zpDeRUYGmbBs6yFfpILOTbhYRzfcESIkwhtmFtuCuDFrf7lbLupl8z5XvjeXctdIwAk+e38QM54=,-,ECDHE-RSA-AES128-GCM-SHA256,-,ez-living.s3-eu-west-1.amazonaws.com,TLSv1.2
2f0544e0e64958de8c656135fcdbad1af1b43808c0d0b974fc77f171694c558e,ez-living,[01/Jun/2020:09:08:22,+0000],46.229.168.149,-,CA83356597122B12,REST.GET.OBJECT,robots.txt,GET /robots.txt HTTP/1.1,403,AccessDenied,243,-,12,-,-,Mozilla/5.0 (compatible; SemrushBot/6~bl; +http://www.semrush.com/bot.html),-,ZaR8Iuf0YbBd+vJE9wNMB0tWVK8wTTrjn1/GBDzxdmT6RVhn9NSUfsbAdrWCycjei6DqU8Hf+gg=,-,ECDHE-RSA-AES128-GCM-SHA256,-,ez-living.s3-eu-west-1.amazonaws.com,TLSv1.2
2f0544e0e64958de8c656135fcdbad1af1b43808c0d0b974fc77f171694c558e,ez-living,[01/Jun/2020:10:29:33,+0000],54.164.181.5,-,E7101A3C487856CA,REST.GET.BUCKET,-,GET /?max-keys=1 HTTP/1.1,301,PermanentRedirect,455,-,2,-,-,aws-sdk-dotnet-35/2.3.23.0 .NET Runtime/4.0 .NET Framework/4.0 OS/6.2.9200.0 ClientSync,-,7JHY7y0NcMUiddj7L+OqqnRjNn2qs+8c9juUWiZvqZXy9507roJTSrQvPwAQtjeVgII5euDwj7Y=,-,ECDHE-RSA-AES128-SHA,-,ez-living.s3-us-west-2.amazonaws.com,TLSv1
2f0544e0e64958de8c656135fcdbad1af1b43808c0d0b974fc77f171694c558e,ez-living,[01/Jun/2020:01:15:13,+0000],31.13.115.15,-,7C985872F857BD23,REST.GET.OBJECT,Waldorf/EZLivingInteriors-Waldorf3Seater.usdz,GET /ez-living/Waldorf/EZLivingInteriors-Waldorf3Seater.usdz HTTP/1.1,206,-,524288,7342582,109,106,-,facebookexternalhit/1.1 (+http://www.facebook.com/externalhit_uatext.php),-,1f76WEG629knRcyj3MyMHfPdXlqJbbLHYw5X22n5smJjlZp592vGECVdzeTArgRbigN7Nvysbu4=,-,ECDHE-RSA-AES128-GCM-SHA256,-,s3-eu-west-1.amazonaws.com,TLSv1.2
2f0544e0e64958de8c656135fcdbad1af1b43808c0d0b974fc77f171694c558e,ez-living,[01/Jun/2020:22:27:24,+0000],31.13.127.3,-,490B2239F8AFFEA1,REST.GET.OBJECT,Juno/EZLivingInteriors_-_JunoRight.usdz,GET /ez-living/Juno/EZLivingInteriors_-_JunoRight.usdz HTTP/1.1,206,-,524288,19286125,103,99,-,facebookexternalhit/1.1 (+http://www.facebook.com/externalhit_uatext.php),-,ni2Kfhx+BGWPEMgpDSJjiwX/Aoy7AntM+ZFv3UQ6XlnVBaARyWiZhf4xRR/IKdrepM5QH3X8m1s=,-,ECDHE-RSA-AES128-GCM-SHA256,-,s3-eu-west-1.amazonaws.com,TLSv1.2
2f0544e0e64958de8c656135fcdbad1af1b43808c0d0b974fc77f171694c558e,ez-living,[01/Jun/2020:02:01:13,+0000],31.13.127.10,-,FD9B3B5D92184613,REST.GET.OBJECT,Scott/EZLivingInteriors-Scott3Leather.usdz,GET /ez-living/Scott/EZLivingInteriors-Scott3Leather.usdz HTTP/1.1,206,-,524288,7684059,61,58,-,facebookexternalhit/1.1 (+http://www.facebook.com/externalhit_uatext.php),-,e4AW1h2s5NiX78e376J8/KsCDvyAvdJhulGn3YYTbd9wm19NIM5Wd8raDwm51yCD6hhMdtRRV50=,-,ECDHE-RSA-AES128-GCM-SHA256,-,s3-eu-west-1.amazonaws.com,TLSv1.2
2f0544e0e64958de8c656135fcdbad1af1b43808c0d0b974fc77f171694c558e,ez-living,[01/Jun/2020:16:05:47,+0000],39.103.142.195,-,B887863E91886C94,REST.HEAD.OBJECT,admindede/login.php,HEAD /admindede/login.php HTTP/1.1,403,AccessDenied,243,-,13,-,-,-,-,++6SzIY2tKozLjsyvQG2HUHBjqZ5g+IfaraYTL5vmdR4voU+SEQAJcojqhOZifQVD6Ksg00rIfY=,-,-,-,ez-living.s3-eu-west-1.amazonaws.com,-
2f0544e0e64958de8c656135fcdbad1af1b43808c0d0b974fc77f171694c558e,ez-living,[01/Jun/2020:14:17:49,+0000],39.103.142.195,-,2A7FAAB242022A03,REST.GET.OBJECT,xxsssseee,GET /xxsssseee HTTP/1.1,403,AccessDenied,243,-,17,-,-,Mozilla/5.0 (Windows NT 10.0; WOW64; rv:48.0) Gecko/20100101 Firefox/48.0,-,Jb0mdOd6EBPe1urRk1R+Zqs4wLlFlXLmUL/M8w0fbswkvfz/2YnsooDydZXjHv7FFKelx2/FsCQ=,-,-,-,ez-living.s3-eu-west-1.amazonaws.com,-
2f0544e0e64958de8c656135fcdbad1af1b43808c0d0b974fc77f171694c558e,ez-living,[01/Jun/2020:14:32:09,+0000],31.13.103.2,-,C0DE0B314FCA09FD,REST.GET.OBJECT,Scott/EZLivingInteriors-Scott3Leather.usdz,GET /ez-living/Scott/EZLivingInteriors-Scott3Leather.usdz HTTP/1.1,206,-,524288,7684059,91,88,-,facebookexternalhit/1.1 (+http://www.facebook.com/externalhit_uatext.php),-,plgyGg0Z1BQWPBjLthq+LFsb7cxH7ZcN4p82FSupHnjEuQzAfqKYpt6YhgC6IAlcx0VOmMWC4xI=,-,ECDHE-RSA-AES128-GCM-SHA256,-,s3-eu-west-1.amazonaws.com,TLSv1.2
2f0544e0e64958de8c656135fcdbad1af1b43808c0d0b974fc77f171694c558e,ez-living,[01/Jun/2020:04:00:44,+0000],46.229.168.143,-,689A71B69B009AEA,REST.GET.OBJECT,robots.txt,GET /robots.txt HTTP/1.1,403,AccessDenied,243,-,9,-,-,Mozilla/5.0 (compatible; SemrushBot/6~bl; +http://www.semrush.com/bot.html),-,QrWdOBGBtV4Z34cbHY18BF0jO3M2LuCkRATA/7e0idPntzPah2zAP6Y14QF5vWQNw5z+/ZBCZes=,-,ECDHE-RSA-AES128-GCM-SHA256,-,ez-living.s3-eu-west-1.amazonaws.com,TLSv1.2
