key,referee,hits
Anneka/EZLivingInteriors_-_AnnekaBlue.usdz,-,1
Anneka/EZLivingInteriors_-_AnnekaGreen.usdz,-,1
Baly/BalyBed46.usdz,-,1
Brinley/EZLivingInteriors-Brinley_15L_25RCharcoal.usdz,https://www.ezlivinginteriors.co.uk/,1
Brinley/EZLivingInteriors-Brinley_15L_25RTurquoise.usdz,https://www.ezliving-interiors.ie/,1
Brinley/EZLivingInteriorsBrinley_25L_15RCharcoal.usdz,https://www.ezlivinginteriors.co.uk/,2
Calia/EZLivingInteriors_-_CaliaBookcase.usdz,https://www.ezliving-interiors.ie/,1
Calia/EZLivingInteriors_-_CaliaWritingDesk.usdz,https://www.ezliving-interiors.ie/,1
Calia/EZLiving_-_CaliaSofaTable.usdz,https://www.ezliving-interiors.ie/,2
Carter/Carter%2Bgrey%2Bbar%2Bstool.usdz,https://www.ezliving-interiors.ie/,1
Charm/EZLivingInteriors-Charm2Seater.usdz,https://www.ezliving-interiors.ie/,1
Charm/EZLivingInteriors-CharmCuddlerArmchair.usdz,https://www.ezliving-interiors.ie/,1
Charm/EZLivingInteriors-CharmCuddlerArmchair.usdz,https://www.ezlivinginteriors.co.uk/,1
Cheltenham/EZLivingInteriors-CheltanhamTripleWardrobe.usdz,https://www.ezliving-interiors.ie/,2
Cheltenham/EZLivingInteriors-CheltenhamBedsideLocker.usdz,https://www.ezliving-interiors.ie/,1
Chic/EZLivingInteriors-ChicBarstoolBlack.usdz,https://www.ezliving-interiors.ie/,2
Coco/CocoSofa.usdz,https://www.ezliving-interiors.ie/,1
Emily/Emily4Bed.usdz,https://www.ezliving-interiors.ie/,2
Emily/Emily6DrawerDresser.usdz,https://www.ezliving-interiors.ie/chest-of-drawers,1
Emily/EmilyBlanketBox.usdz,https://www.ezliving-interiors.ie/,1
Eminence/EminenceCeramicStoneSingleOpen.usdz,https://www.ezliving-interiors.ie/,1
Farrow/Farrow2Seater.usdz,https://www.ezliving-interiors.ie/velvet-sofas-couches,1
Farrow/Farrow3Seater.usdz,https://www.ezliving-interiors.ie/,1
Farrow/Farrow3Seater.usdz,https://www.ezlivinginteriors.co.uk/,1
Frame/FrameBlue.usdz,https://www.ezliving-interiors.ie/,1
Harris/HarrisTurquoise.usdz,https://www.ezliving-interiors.ie/,1
Inspire/EZLivingInteriors_-_InspireLeftLightGrey.usdz,-,1
Inspire/EZLivingInteriors_-_InspireRightGrey.usdz,https://www.ezliving-interiors.ie/,1
Inspire/EZLivingInteriors_-_InspireRightLightGrey.usdz,https://www.ezliving-interiors.ie/,1
Juno/EZLivingInteriors_-_JunoLeft.usdz,https://www.ezliving-interiors.ie/,2
Juno/EZLivingInteriors_-_JunoLeft.usdz,https://www.ezliving-interiors.ie/juno-corner-sofa-with-left-hand-chaise-stool,1
Juno/EZLivingInteriors_-_JunoRight.usdz,-,1
Juno/EZLivingInteriors_-_JunoRight.usdz,https://www.ezliving-interiors.ie/,1
Kendal/EZLivingInteriors_-_Kendal2SeaterBlue.usdz,https://www.ezliving-interiors.ie/,2
Kendal/EZLivingInteriors_-_Kendal2SeaterGrey.usdz,-,1
Kendal/EZLivingInteriors_-_Kendal2SeaterGrey.usdz,https://www.ezliving-interiors.ie/,1
Kendal/EZLivingInteriors_-_Kendal3SeaterBlue.usdz,https://www.ezlivinginteriors.co.uk/,1
Kendal/EZLivingInteriors_-_Kendal3SeaterGrey.usdz,-,1
Kendal/EZLivingInteriors_-_KendalArmchairBlue.usdz,https://www.ezliving-interiors.ie/,1
Kendal/EZLivingInteriors_-_KendalArmchairGrey.usdz,-,1
Loire/LoireBookcase.usdz,https://www.ezliving-interiors.ie/,3
Loire/LoireDisplayUnitCharcoal.usdz,https://www.ezliving-interiors.ie/,1
Loire/LoireOvalTableOpen.usdz,https://www.ezliving-interiors.ie/loire-grey-oval-extending-dining-table,1
MV%2BTest/West%2BElm%2BThree%2BSeater.glb,https://www.noplacelike.co/,4
Marlow/MarlowFabricDarkWood.usdz,-,1
Marlow/MarlowVelvetGreen.usdz,-,2
Marlow/MarlowVelvetNavy.usdz,-,2
Marlow/MarlowVelvetPink.usdz,-,1
Natty/EZLivingInteriors_-_NattySofa.usdz,-,1
Panama/PanamaConsoleTableWhite.usdz,-,1
Portland/Portland.usdz,https://www.ezliving-interiors.ie/,1
Primrose/PrimroseBlushPink.usdz,-,1
Primrose/PrimroseLightBrown.usdz,-,1
Rug/RugAbstractRose.usdz,https://www.ezliving-interiors.ie/,1
Sandy/SandyGrey.usdz,https://www.ezliving-interiors.ie/,2
Scott/EZLivingInteriors-Scott3Leather.usdz,-,2
Scott/EZLivingInteriors_-_Scott2SeaterGreen.usdz,https://www.ezliving-interiors.ie/,2
Scott/EZLivingInteriors_-_ScottCornerGreenLeft.usdz,-,1
Sofia/EZLivingInteriors-SofiaChairBlue.usdz,https://www.ezliving-interiors.ie/,1
Taylor/Taylor2Seater.usdz,-,1
Waldorf/EZLivingInteriors-Waldorf3Seater.usdz,-,3
