value,hits,bytes,cost,Price,id
EZLivingInteriors_-_Kendal3SeaterBlue.usdz,3953,8860732740,0.7093,599.0,recQq71O4qbxUg6Gd
EZLivingInteriors_-_JunoLeft.usdz,3214,19617791252,1.6771,1199.0,recSKxvnsUJjtA4wb
EZLivingInteriors_-_JunoRight.usdz,2933,17282730473,1.4668,1199.0,recxp7mQhvzggsCol
EZLivingInteriors_-_PrimroseBlue.usdz,2667,3029433224,0.1839,59.0,recDXkDFGRiyecDxx
PrimroseBlushPink.usdz,2631,2862377343,0.1689,,rec2qhsdg4c1j3iwA
EZLivingInteriors-MustardHexagonTable.usdz,2543,1540965118,0.0499,35.0,reci8TSoeMGFbngcz
EZLivingInteriors_-_PrimroseGrey.usdz,2535,2630636363,0.14800000000000002,59.0,recm1I6KJaAVsLPUm
PrimroseNavy.usdz,2500,2431601060,0.13,59.0,recoRNw3SFWL9tBcu
PrimroseLightBrown.usdz,2497,2481467844,0.1345,59.0,recoW0qwEwbJnwAFh
Farrow2Seater.usdz,2315,2840165080,0.1667,499.0,recFT1Wj6EngKfrzW
EZLivingInteriors-Waldorf3Seater.usdz,2015,5085647142,0.3687,499.0,recLuB5DTzbfnw2al
-',1836,1723053,0.0009,,recCTX8J26kijYRA5
MarlowVelvetGreen.usdz,1441,1601644349,0.0548,149.0,recM2sn9SwwY1boCX
MarlowVelvetCharcoal.usdz,1432,1573213904,0.0523,149.0,rec6eMCkZAtuMsSzI
EZLivingInteriors-Scott25Leather.usdz,1331,3513409852,0.2268,1399.0,recsLnB1XGuAIFh9Y
EZLivingInteriors-GreyHexagonTable.usdz,1178,927992276,0.0006,35.0,recSN3WCOefSPSNCZ
MarlowVelvetNavy.usdz,1117,1373428896,0.0341,149.0,recsHOewzJgAhr1F0
MarlowVelvetPink.usdz,1079,1276598224,0.0254,149.0,recAvAG7BxjTBc5G9
MarlowFabricDarkWood.usdz,1060,1947472300,0.0858,,recj4y5YoAhrTrCuk
RugPowder.usdz,970,3101756543,0.1896,319.0,recFYMOWcQ5r4TFL7
EZLivingInteriors-MontreuxGreyX.usdz,867,1633507402,0.0574,,recaxbpNEtntYU5xX
LoireOvalTableOpen.usdz,797,1303395394,0.0277,799.0,rec1OVdMdof7cc1Or
EZLiving_-_CaliaDiningTable.usdz,683,662301191,0.0003,699.0,recDGtSNg5OsNOLt9
EZLivingInteriors_-_Scott2SeaterGreen.usdz,627,1989244228,0.0893,999.0,recBPn82wycbTEUPD
Brighton2SeaterGrey.usdz,567,1350343584,0.0318,,recaNHwTbTtsPMoVS
Loire2DrawerBedsideTable.usdz,565,430422062,0.0003,179.0,recGVRPamZdfUiTQ9
Brighton2SeaterPink.usdz,550,1174685929,0.016,,reczzIyMP60ff7V3v
EZLivingInteriors-Scott3Leather.usdz,550,2272172497,0.1148,,recWwamAv6niJqpNp
PanamaLampTableWhite.usdz,524,315596047,0.0002,159.0,recIfAkfvEpqIy8GJ
PanamaDiningTableOpen.usdz,519,285197914,0.0002,599.0,recqYwnZxACxbayiB
Planet.usdz,511,403039358,0.0002,599.0,recaH4e0fwYwKLdhY
EZLivingInteriors-Waldorf2Seater.usdz,477,1275948086,0.0251,439.0,rec0SCkxBJefA58tf
West%2BElm%2BThree%2BSeater.glb,461,3131520061,0.1921,,recI5MCmlqiRbPwpH
Brighton3SeaterPink.usdz,416,949647553,0.0002,599.0,recEAIPbvYA9g59cq
EZLivingInteriors_-_InspireLeftGrey.usdz,339,2421420758,0.1281,799.0,rec3B7dYNIjbagwB2
RugAbstractGrey.usdz,314,1029715868,0.0028,319.0,reclGFCuo9CyZoqLB
EZLiving_-_ChelseaBarStoolBlue.usdz,287,1019963147,0.0019,229.0,rec1EKa1uAUoM3XUF
EZLivingInteriors_-_InspireRightLightGrey.usdz,260,2920319389,0.173,799.0,recXjujC042VxuD9z
EZLivingInteriors-SofiaFootstoolPink.usdz,218,450608382,0.0001,149.0,recc1W4Q5kLoaAvPQ
EZLivingInteriors-SofiaFootstoolGreen.usdz,213,439751236,0.0001,149.0,rec4dem1SqLDpJP6a
EZLivingInteriors-SofiaFootstoolBlue.usdz,211,466755546,0.0001,149.0,recehNKBgPzVjK5fW
EZLivingInteriors-SofiaFootstoolCharcoal.usdz,209,425726300,0.0001,149.0,recnL70cphVhVaNMR
EZLivingInteriors_-_Kendal2SeaterBlue.usdz,197,1190775370,0.0173,499.0,rec0uOI9SIQ6i05fX
Mustard%2BTable.glb,169,426987711,0.0001,,recACDFE4hfBnvgmk
EZLivingInteriors_-_Kendal3SeaterGrey.usdz,168,1629612344,0.0567,499.0,rechUCkdFxlIacavv
EZLivingInteriors_-_InspireLeftLightGrey.usdz,163,1776507423,0.07,799.0,recqLUqRGxR7T9K1L
Brighton3SeaterGrey.usdz,145,777207029,0.0001,599.0,rec5EWqqLZUdxrFNb
EZLivingInteriors_-_Kendal2SeaterGrey.usdz,142,2440241645,0.1297,499.0,rec6pyVyWj7fD3gfz
EZLivingInteriors-ClaraCornerLeft.usdz,142,2169705427,0.1053,1099.0,recMRS56GsKRbYQJ2
EZLivingInteriors_-_InspireRightGrey.usdz,139,1941491498,0.0848,799.0,recNZneZrghNKYvKJ
EZLivingInteriors_-_KendalArmchairBlue.usdz,137,668061725,0.0001,399.0,recJJp0ydSBmbSUzc
wind02.glb,134,316170755,0.0001,549.0,recwsOMLkPprf2a7E
EZLivingInteriors_-_ScottCornerGreenLeft.usdz,120,730380562,0.0001,1799.0,recCluf0xbkylYwyA
EZLivingInteriors-CharmLeftCorner.usdz,118,2138403388,0.1025,1199.0,recGLsWgRQ30u75Pv
EZLivingInteriors-ClaraCornerRight.usdz,117,1836978029,0.0754,1099.0,recMzw4ll0tQVuDEA
Taylor2Seater.usdz,114,465890036,0.0001,399.0,recLel0rCL3BPrjku
EZLivingInteriors-KarmaRightBlack.usdz,111,686326725,0.0001,999.0,recDH5kHtriRMAxzb
PanamaConsoleTableWhite.usdz,106,89769492,0.0001,179.0,recKXfHvh88prNGEo
EZLivingInteriors-Brinley_25L_15RTurquoise.usdz,106,337878523,0.0001,1199.0,recS7xkMxBc7SPR0l
EminenceCeramicStoneSingleOpen.usdz,106,136783208,0.0001,1099.0,recYwNo02rs5S6Yko
EZLivingInteriors_-_BellaChairGreen.usdz,106,512556618,0.0001,349.0,recOQCMdEdNg8Fich
Farrow3Seater.usdz,105,351989715,0.0,599.0,recLhQ1Ta8Iq4QpG8
EZLivingInteriors-CharmRightCorner.usdz,105,1916752407,0.0826,1199.0,recTnfQHaW9xBMKAb
EZLivingInteriors_-_ScottCornerGreenRight.usdz,103,619459071,0.0,1799.0,rec4DayutY6cvqKZy
EZLivingInteriors_-_Scott2SeaterBlack.usdz,101,528218888,0.0,999.0,rec6WhGrBYcF6zSQJ
EZLivingInteriors_-_KendalArmchairFootrestBlue.usdz,100,540236636,0.0,399.0,recVrph8E84oqM1MI
CassieSofabedOpen.usdz,99,472984380,0.0,749.0,rec7qniRViRWieecF
EZLivingInteriors_-_Inspire3Seater.usdz,98,1031458405,0.0029,599.0,recF0gJCtbraYctAM
MarlowFabricLightWood.usdz,95,432153182,0.0,149.0,rec2wq3exgdJuY4De
EZLivingInteriors-CharmCuddlerArmchair.usdz,94,1476551909,0.0429,499.0,recKI68XW5VERoU3r
EZLivingInteriors_-_AnnekaBlue.usdz,94,1166592093,0.015,499.0,recr65UWZQe65atmn
EZLivingInteriors_-_NattySofa.usdz,91,1184132022,0.0166,999.0,recRUd9c9dVNKvFvD
EZLivingInteriors_-_ScottCornerBlackRight.usdz,91,471090316,0.0,1799.0,rec0rj4740bIgSJhj
FrameGreen.usdz,91,172068843,0.0,,rec38RsrZsPPmQeXj
EZLivingInteriors_-_BellaChairBlue.usdz,87,412901015,0.0,349.0,reck23pRRkAAq8WNh
EZLivingInteriors-SofiaChairPink.usdz,86,315499243,0.0,308.0,recXIKTawIdWcrzzb
HarrisGreen.usdz,85,157574785,0.0,349.0,rece7ZhVobpU9qa0c
EZLivingInteriors-ClaraFootstool.usdz,85,471497639,0.0,269.0,recBfQ8jA7zmoimfJ
EZLivingInteriors_-_AnnekaGreen.usdz,85,997113852,0.0,499.0,receXxuViSykcdE4T
EZLivingInteriors_-_ScottCornerBlackLeft.usdz,85,444157537,0.0,1799.0,rectcQZ7S5S2Vd42I
EZLivingInteriors-Clara3Seater.usdz,84,1449309000,0.0405,749.0,recR5PUDIN5F0Sp8E
EZLiving_-_CaliaSofaTable.usdz,82,94228052,0.0,129.0,recFkhdni3XrpCgnq
EZLivingInteriors-Charm3Seater.usdz,81,1365237201,0.0329,749.0,recX6WQhMk4UoX00v
EZLivingInteriors-Clara2Seater.usdz,80,1407429785,0.0367,649.0,recxFBiEyocCNCuOm
EZLiving_-_PanamaBlue.usdz,80,639046695,0.0,,rec4V6ygL3upibJfH
HarrisPink.usdz,79,162284744,0.0,349.0,rechzq9xazEV7xAT7
BrightonArmchairGrey.usdz,78,400602844,0.0,,recCKLISNH1HR7dXs
EZLivingInteriors_-_Inspire2Seater.usdz,78,802168012,0.0,499.0,rec5wdhpOra0Fgrve
Laura3Seater.usdz,77,314796526,0.0,399.0,recNqgCrmvsuhnhP6
EZLivingInteriors_-_NattyLoveseat.usdz,76,990361856,0.0,899.0,recnYCMG2GAEyqFNW
EZLivingInteriors-Charm2Seater.usdz,75,1282116281,0.0254,649.0,recaHRgifcHrIxjaD
EZLivingInteriors-AdamBed4%25276%2522.usdz,75,158668339,0.0,349.0,rec9dOgXPj8fRhiOD
EZLivingInteriors-Adam3Drawer.usdz,74,33981552,0.0,199.0,rec0TqF0N1twjn1r0
EZLivingInteriors-SofiaChairBlue.usdz,73,268423345,0.0,308.0,recMiI4tQ6iSUZvS4
EZLivingInteriors_-_CaliaConsoleTable.usdz,73,273862995,0.0,299.0,recPet3jkFFyp6J4u
EZLivingInteriors-CheltenhamBedsideLocker.usdz,73,131316500,0.0,179.0,recHPwdy4BsfdTadC
EZLivingInteriors_-_GodwinTurquoise.usdz,72,914257298,0.0,299.0,reclPiWk7Sz8iFaq7
EZLiving_-_PanamaCharcoal.usdz,72,524142541,0.0,299.0,recwed7Pw1vBbpKTG
Taylor3Seater.usdz,72,454199262,0.0,1297.0,recZMUdLkXzf7KgK8
Model01GreenVelvet.glb,72,284048674,0.0,,recwfB4uAzZaQ0EuV
RugLightBlue.usdz,71,638524155,0.0,319.0,recOaXGh3agwompnY
EZLivingInteriors_-_KendalArmchairGrey.usdz,71,534784989,0.0,399.0,recWf59VTVqnBW29E
EZLivingInteriors-ClaraWingedAccentChair.usdz,71,1089146855,0.0081,499.0,recE4diZc8q6CRTG7
EZLivingInteriors_-_KendalArmchairFootrestGrey.usdz,70,537626571,0.0,399.0,recwlA6HPVlUzqtQw
HarrisTurquoise.usdz,70,131676230,0.0,299.0,recxu8XbpCwcvjHOE
EZLivingInteriors-SofiaChairCharcoal.usdz,70,287362981,0.0,308.0,recLDdT7x0iAVMa6s
Emily46Bed.usdz,70,363183810,0.0,299.0,rec4xpNZDqZsk7oXq
EZLivingInteriors_-_ZeldaOrange.usdz,69,2116685999,0.1005,399.0,rec9Ux3Eq9yotX5o7
EminenceCeramicStoneDoubleOpen.usdz,68,85222088,0.0,1099.0,recQYHbtVIEyk3gb0
Emily6DrawerDresser.usdz,68,38415308,0.0,299.0,recSczWJFTeuZVoqP
PanamaConsoleTableGrey.usdz,68,60715519,0.0,179.0,recw8SmvhU86oyzza
EZLiving_-_PanamaPink.usdz,68,606096403,0.0,299.0,recc74LncVWT86wKc
EZLivingInteriors_-_CaliaEntertainmentUnit.usdz,67,505243782,0.0,599.0,recO05yaXzz7Pbohz
EZLivingInteriors_-_GodwinNavy.usdz,67,806545711,0.0,349.0,recY6ExJ3Pk3zOIFb
BrightonArmchairPink.usdz,66,313681276,0.0,,rec2HSvBGg3iCeMlB
EZLivingInteriors-CharmBenchFootstool.usdz,66,754883607,0.0,269.0,recpVzCcl3hFu04tV
EZLivingInteriors-Brinley_15L_25RCharcoal.usdz,65,199390273,0.0,1199.0,recuoiXrxte6LbMvm
EZLivingInteriors_-_GodwinGreen.usdz,65,847449344,0.0,349.0,rec53pdcxxIAg81yM
EZLivingInteriors-SofiaChairGreen.usdz,65,245843657,0.0,348.0,rec9nt1RfU2Unn9uz
EZLivingInteriors-MontreuxGrey.usdz,64,375410701,0.0,849.0,recf9NeqQc7gm450K
HarrisNavy.usdz,62,118599304,0.0,349.0,recRurtXKnmQ9xwF6
EZLivingInteriors_-_Farrow3Seater.usdz,62,364051434,0.0,599.0,recieicNCGj5qOB7o
EZLivingInteriors-ChicBarstoolGrey.usdz,61,512097660,0.0,59.0,recyRo2rfHnjLGaB0
EZLivingInteriors_-_CaliaLargeSideboard.usdz,61,370174181,0.0,999.0,rec2RnNfPGhRhr3Jw
EZLivingInteriors_-_BellaChairGrey.usdz,60,337782139,0.0,,rec1NrlIic876GdTx
PanamaSquareCoffeeTableGrey.usdz,59,57064505,0.0,269.0,rec9EjX5WDB71UvD0
EZLivingInteriors-Carson_Beige_Bar_Stool.usdz,59,718008494,0.0,179.0,recBvAOy95NE3d3iu
EZLivingInteriors-Brinley_15L_25RTurquoise.usdz,59,196689893,0.0,1199.0,recc76bfH3zFJbiCc
EmilyBlanketBox.usdz,58,28242868,0.0,149.0,recNNSNzm0d4Pf65J
Emily3Bed.usdz,58,267153749,0.0,249.0,rec4Uyby6mhw8S3l1
EZLivingInteriors_-_ZeldaBlueAccent.usdz,57,1783325545,0.0705,399.0,recOJpBeEqohCWp9j
EZLivingInteriors_-_CaliaBookcase.usdz,57,317042152,0.0,649.0,recDIpf4agwfXGksd
EZLivingInteriorsBrinley_25L_15RCharcoal.usdz,57,179560315,0.0,1199.0,reckgT0QQiKTFgz3I
EZLivingInteriors-Cheltanham46Bed.usdz,56,180614032,0.0,599.0,recZm7S5EBRjv81Ul
EZLivingInteriors_-_InspireArmchair.usdz,55,512668861,0.0,349.0,recuZJkskn6R3OijI
GioveTaupeOpened.usdz,55,96882335,0.0,,recpIHaX7BG8QocI7
TaylorArmchair.usdz,55,304678968,0.0,1297.0,recvd6O3fpBSxAgk8
EZLivingInteriors_-_Kurve3Seater.usdz,54,1303803501,0.0274,699.0,recesR7FodJbjdv6y
Carter%2Bgrey%2Bbar%2Bstool.usdz,54,645228347,0.0,,recaIVrQgDLjXAu2w
EZLivingInteriors-Cheltanham5Bed.usdz,53,161112308,0.0,699.0,recoiiyQkKTcFalDi
LoireLargeSideboardCharcoal.usdz,53,148645336,0.0,599.0,recxEBtvoJf9l3yWi
Emily4Bed.usdz,52,243622215,0.0,299.0,rec7BTejMQQHPwjZn
CocoSofa.usdz,52,150974720,0.0,699.0,recX4CSmdn3BNcMTv
EZLivingInteriors_-_CaliaWritingDesk.usdz,51,320786641,0.0,649.0,recCL3MjlGALYfU2a
Laura2Seater.usdz,51,202359264,0.0,349.0,recw7SZWHlmnC9Hj7
BalyBed5.usdz,51,124997816,0.0,299.0,recQWIzPLaDYnTVhp
GioveBlackOpened.usdz,50,104906784,0.0,899.0,recjD1rqDw5f386A8
EZLivingInteriors-Cheltenham3plus3.usdz,48,89113038,0.0,549.0,rec1S2JGg114iDwHb
LoireTVUnit.usdz,48,72899682,0.0,399.0,recR16KfSbqPKLxQx
EZLivingInteriors-CheltanhamTripleWardrobe.usdz,48,89399112,0.0,799.0,recfJ9yZdkkTAri1I
BalyBed4.usdz,47,130759217,0.0,975.0,rec9b501jpriFSna6
PanamaLampTableGrey.usdz,47,41550162,0.0,159.0,recx47YQ9ZQ2LGg40
Emily5Bed.usdz,47,216703192,0.0,339.0,recgJUeNCYU5r11dj
RugPopYellow.usdz,46,403947436,0.0,319.0,recy91acowADuC8eY
LoireGrey23Drawer.usdz,46,102434968,0.0,499.0,recWZNHNbAZ1LOGD2
LoireDisplayUnitCharcoal.usdz,45,82742940,0.0,749.0,recliKbId6GVuT28h
RugAbstractRose.usdz,45,372749884,0.0,319.0,recZvWCpfAlhrphlX
BalyBed46.usdz,45,119407564,0.0,975.0,recpVJg2vp4NwVpTX
FramePink.usdz,45,92647880,0.0,,rec2jAVzwshwYUuee
EZLivingInteriors-Maxwell2Seater.usdz,44,389606214,0.0,349.0,recLp281JqtircmD4
LoireConsoleTableGrey.usdz,44,108935201,0.0,299.0,recq8bGskrgtS8p4f
BalyBedsideLocker.usdz,44,66789228,0.0,79.0,rec1g67C9vpGnxql0
HarrisCharcoal.usdz,42,83889792,0.0,349.0,recdsYOmJmzDfSUZG
NewYorkBarChair.usdz,42,99455538,0.0,249.0,recMhN2pIPypzIIIc
EZLivingInteriors-ChicBarstoolIvory.usdz,42,382234886,0.0,59.0,recSlAIXIC141OVRS
Social%2BDistance%2BVisualiser%2Bby%2BAllen%2BWixted.reality',42,20219552,0.0,,recoBZm5W8siMKlNq
EZLivingInteriors-WaldorfChair.usdz,41,282489724,0.0,359.0,recwp30XCeVfDMIet
BalyBed3.usdz,41,102896064,0.0,199.0,recxOymH8bmYu9KI1
Baly5DrawerTallboy.usdz,41,77313536,0.0,249.0,recX7c5omVfBSf6NZ
EZLivingInteriors-CheltenhamDoubleWardrobe.usdz,41,61744932,0.0,269.0,recAiMETsO6HWyjbK
PanamaSquareCoffeeTableWhite.usdz,40,36373088,0.0,499.0,recs6Ky9onza9os7J
EZLivingInteriors_-_CaliaLargeBench.usdz,40,158590021,0.0,299.0,reckPvnD7vRwbeMJd
BijouxPink.usdz,40,79546200,0.0,449.0,recDreWkjlA5kz4Zj
EZLivingInteriors-ChicBarstoolBlack.usdz,40,313252415,0.0,59.0,recpxZ3tq491mzpXw
Portland.usdz,39,103614526,0.0,599.0,recX93NoaolNdoBAz
LoireBookcase.usdz,39,74481180,0.0,549.0,recjtQqx4y2Mel1cb
RugAbstractYellow.usdz,37,312848079,0.0,319.0,recgDLxPFDSpeI4qO
EZLiving_-_ChelseaBarStoolOrange.usdz,37,207166577,0.0,229.0,recC1Bdxw4fZJW9Gw
EZLivingInteriors-MaxwellArmchair.usdz,37,384497888,0.0,349.0,recthD9uEZMFYSBwO
EZLiving_-_ChelseaBarStoolGrey.usdz,37,206526809,0.0,229.0,recw1dJG5Pcb0nOKZ
EZLivingInteriors-Juno2Seater.usdz,37,142225335,0.0,649.0,rec6WUwNB6rLiRp3c
EZLivingInteriors_-_CaliaSmallSideboard.usdz,37,213395369,0.0,799.0,recqfH5BpVlPAZ0uC
EZLivingInteriors-AdamBed5%2527.usdz,37,73213536,0.0,349.0,recLfwH8HqgaBC503
Annecy.usdz,37,161923247,0.0,149.0,recTRMiC2JbwinZ2p
LoireLargeSideboardGrey.usdz,37,102677420,0.0,599.0,recH3ouSGWlQPDuCJ
LoireCoffeeTable.usdz,37,76598306,0.0,299.0,recvnzoJm0GqrwL9q
LoireSmallSideboard.usdz,37,55270526,0.0,399.0,recK0HXNNMwiGZ9ZX
EmilyBedsideLocker.usdz,36,15869412,0.0,125.0,recgxr1KKZGGVREEQ
EZLivingInteriors-Maxwell3Seater.usdz,36,365618634,0.0,499.0,recUeAhXlDWNhA3tZ
FarrowArmchair.usdz,35,98673516,0.0,349.0,rec954lW2WDLVQnMd
AthosOpened.usdz,34,80425637,0.0,1999.0,recnaNPl0F1nvYiJL
EZLivingInteriors_-_CaliaCoffeeTable.usdz,34,118608112,0.0,299.0,recJwYnvUw5jUjkIm
LoireDiningChair.usdz,34,71701888,0.0,119.0,recWBpz2Ptd9wx7MR
BentleyChair.usdz,34,68582930,0.0,549.0,recQVTPQhFNFKiTqE
Baly2DoorWardrobe.usdz,34,56504040,0.0,399.0,recRfdiBU1Yniecm3
EZLivingInteriors_-_CaliaSideTable.usdz,34,212222558,0.0,149.0,recSYFH65zG4mJaI4
RugAbstractBeige.usdz,33,251989740,0.0,319.0,reclzFNsdxo8Q6pfE
EZLivingInteriors_-_Kurve2Seater.usdz,33,741298582,0.0,599.0,recXz3CU2BrBUY3LB
LoireDisplayUnitGrey.usdz,32,57927808,0.0,749.0,rec68hqSgZq3k3D4n
SandyGrey.usdz,32,51518592,0.0,179.0,rec9rcVl3LqkLp8Es
SandyRed.usdz,31,51047421,0.0,179.0,recYSn69Ab7Izm3BO
LoireConsoleTableCharcoal.usdz,31,86098478,0.0,299.0,recF7gOkzlwF8KW3t
FrameBlue.usdz,31,64364948,0.0,,recc1np5oLvSu6sjz
LauraChair.usdz,30,117261330,0.0,249.0,reczL9TZmoK66hFxp
BijouxGreen.usdz,30,58327200,0.0,449.0,rec70fJ22svx8Ywzf
PrimroseYellow.usdz,29,81320176,0.0,59.0,reckByYzk6GAaB4bc
BalyDrawerDresserMirror.usdz,29,60940658,0.0,299.0,rech87KrakJ1DVqOT
SandyBlue.usdz,29,45875796,0.0,179.0,recADcTAJOLV8PM22
RugBeige.usdz,28,235402315,0.0,319.0,reczx0K82MY7ug4HE
BijouxPetrol.usdz,28,54499676,0.0,449.0,receU3bJmOSXsjDib
RugRockstar.usdz,26,258340393,0.0,319.0,recXShpNiIV6bSURk
Carter.glb,25,81062240,0.0,199.0,recVOgY5au9m9lp1u
EZLivingInteriors-KarmaLeftBlack.usdz,24,103298229,0.0,999.0,rec1mIAyNjNqd2oNW
FarrowStool.usdz,24,50122362,0.0,,recd8ZN5DInyLxNrd
EZLivingInteriors_-_KurveArmchair.usdz,22,531120995,0.0,399.0,recrIUmGP2hWYY0OD
EZLivingInteriors-Adam2Over3.usdz,21,9348032,0.0,249.0,reckLSaUdbNOsqQ7p
EZLivingInteriors-KarmaLeftTaupe.usdz,21,108088174,0.0,999.0,rec8uwIeLBR4DKk86
NewYorkDiningVintage_Ebony.usdz,21,49509201,0.0,199.0,recVP1Zy0dApRu7Tz
Model01GreenVelvet.usdz,21,84652308,0.0,,rec0lRIcyAGUeTBKc
Panama_square_grey.glb,21,28361857,0.0,269.0,reckP8rhCwxCoEIe4
NewYorkDiningChairGrey.usdz,20,45781760,0.0,199.0,recaR4lPACldzNDAj
EZLivingInteriors-KarmaRightTaupe.usdz,19,106583168,0.0,999.0,rec7rWHGs8WMjmcJo
Panama_lamp_grey.glb,19,23594041,0.0,159.0,recS8EzL9VkvQLzXl
EZLiving_-_ChelseaBarStoolYellow.usdz,17,92092240,0.0,229.0,recLBDEuSHvEptJ9d
Loire34DrawerWideChest.usdz,17,50832397,0.0,629.0,recWSfXKaERvCay5I
Panama_square_white.glb,17,21144833,0.0,269.0,recwX80RZikHxrD8c
SandyGreen.usdz,17,26508661,0.0,179.0,recfUbN0lL4o3PekN
dose_02.usdz,16,30790680,0.0,,recZCswynmBe0ImeN
West%2BElm%2BThree%2BSeater.usdz,16,63373282,0.0,,recUOzz1XpeKdCVHN
carter%2B%25281%2529.glb,15,51041020,0.0,199.0,recZo7G7dHTAnVHiN
index.html',15,21619,0.0,,recdVIzVdXYegErvk
Armchair%2BBlue.glb,14,5914184,0.0,399.0,rechdDt1TeWc4CSw5
EZLivingInteriors_-_PrimrosePink.usdz,14,26246979,0.0,59.0,recQQ0KrzJnHhosTs
Armchair.glb,13,17706831,0.0,499.0,recQGahPPfgcrg6uO
Footstool.glb,12,26868166,0.0,449.0,rec7MjEpIqb240ysB
Corner%2BRight.glb,12,20788823,0.0,1199.0,rec67xAHwM0Nk8pMw
Corner%2BLeft.glb,12,20788812,0.0,1199.0,rec0lA8W7A8nuJ0I0
Zelda%2BBurnt%2BOrange.glb,12,16772648,0.0,399.0,rec4vBQ0a4CKilh3O
EZLivingInteriors_-_PrimroseBrown.usdz,12,23960844,0.0,59.0,recywsVYzjBpFdQdT
2%2BSeater.glb,11,19300651,0.0,649.0,recXGkZc5kWjroBYy
3%2BSeater.glb,11,19185587,0.0,649.0,rece76TPjkfUyqGwO
tween_02.usdz,11,30550108,0.0,269.0,recigpkJ4tcoH9B7c
Wind.usdz,10,8759710,0.0,349.0,recKvGukXKz8u889Q
New%2BArmchair.glb,10,20791875,0.0,,recYS02MdcxZ4Snxi
Project%2BName%2B%25281%2529.glb,10,1088,0.0,,recq634h3QiYpUv66
carter%2B%25281%2529.glb,10,1088,0.0,,recv1dIAQ0QarjRbU
viewer.css',10,19000,0.0,,recSlnceuz0p5eWeR
viewer.js',10,17568,0.0,,rec6i98ihiNdZTlYb
deposition_01.glb,10,18550064,0.0,,recgj11Pm7ifqNqo7
2%2BSeater.glb,9,1232,0.0,,rec60kEYelrWlVYDe
Armchair.glb,9,1232,0.0,,recRemtG1FrVXQjcM
3%2BSeater.glb,9,1232,0.0,,rec7sSON6yRKfrf0P
3%2BSeater.glb,9,1220,0.0,,recvqE8l1UOaaWr6n
LargeBench.glb,9,1088,0.0,1445.0,recKqcCd01vWkHJ9V
Right_Black.glb,9,1232,0.0,999.0,reckfqoMgXUvW4eHb
Right_Taupe.glb,9,1232,0.0,999.0,rect5C8BNklsqU5vT
DegiroTest.js',9,1640,0.0,,recPpx4HRudBgXBCf
qrcode.js',9,232176,0.0,,recoJSVtOzQcJNIV8
2%2BSeater.glb,8,1088,0.0,649.0,recqIiVB7lp6mnh03
2%2BSeater.glb,8,7922452,0.0,499.0,rec6d9eoRGI1sZhas
Bedside%2BLocker.glb,8,1088,0.0,179.0,recsZd5p8X8FmvVF6
Black.glb,8,1088,0.0,,recAaLX3wq1mcsTkT
Double%2BWardrobe.glb,8,1088,0.0,499.0,recfTusH9pfgXmlDs
green.glb,8,1088,0.0,,recDekGGGE60fG1ZP
EZLivingInteriors_-_Sorrento3Seater.usdz,7,209293791,0.0,,rechT4gQxNw1iFM6L
Green.glb,7,3194960,0.0,,reclGBtrKiHKR2KRe
Montreux%2BGrey%2BWashed.glb,7,544,0.0,135.0,recnee5BdqiwDehDd
Montreux%2BGrey%2BWashed%2BX.glb,7,544,0.0,135.0,reccjDu084d3rvWxw
EZLivingInteriors-Cheltenham3plus2.usdz,7,13623995,0.0,499.0,rec2IZkyO8HwuBT0V
Blue.glb,6,8641052,0.0,,recaNbQH8LwXYEzPT
3%2BSeater.glb,6,7240312,0.0,649.0,recgRjXNEgy2OLqQq
Blue.glb,6,4415760,0.0,,recaGnpWRUuTHUH8r
Blue.glb,6,3198452,0.0,349.0,recgLHdQ2ERC64zfc
Green.glb,6,3156276,0.0,349.0,recoFT5SSnZwW5j8O
White.glb,6,3118996,0.0,349.0,recBfkionrbUoGGq4
Black.glb,6,2179364,0.0,,rec7nGsVVH7BbmD7u
ConsoleTable.glb,6,544,0.0,,recITdIFSZbIZWYj8
hydration.glb,6,7632352,0.0,,rec5ByVzBRg50U7Kr
Corner%2BRight.glb,5,544,0.0,1099.0,recbvy7IcULz4E2Cq
Chair.glb,5,544,0.0,499.0,recAAYm418VPuD3kl
Footstool.glb,5,544,0.0,269.0,recTvbHtb98MbxK7b
Corner%2BLeft.glb,5,544,0.0,1099.0,recR6lxsULUX3HuDv
2%2BSeater%2BGrey.glb,5,544,0.0,599.0,recvxNufiXIOQAAvB
2.glb,5,544,0.0,439.0,recKhPkilEgJWtQi5
Swivel%2BChair.glb,5,544,0.0,,recWb2T3svfD4pxbX
3%2BSeater%2BGrey.glb,5,544,0.0,499.0,recQQFnDUQvJsuWgb
Turquoise.glb,5,544,0.0,349.0,reczLqqvVjTYRULUS
Armchair%2BGrey.glb,5,544,0.0,399.0,recs2hkFC3ZbnVsXp
2%2BSeater%2BBlue.glb,5,544,0.0,499.0,recG0UvO7qbjZvM0B
Armchair.glb,5,544,0.0,,recOOrHdwl2egPWat
Left.glb,5,544,0.0,349.0,recc86QUYRKHfub2z
Navy.glb,5,544,0.0,349.0,recXoe7hjGs1BCcCo
Armchair%2B%252B%2BFootrest%2BGrey.glb,5,544,0.0,179.0,recUblVXlqMaaZt0b
Armchair%2B%252B%2BFootrest%2BBlue.glb,5,544,0.0,179.0,recWKVoizOSUnp30l
Right.glb,5,544,0.0,,recy76ytnWKRpjpOZ
Green.glb,5,544,0.0,349.0,rechx0zlDqhxPTonZ
Loveseat.glb,5,544,0.0,299.0,recZgLbqwzKa3yIyA
3%2BSeater.glb,5,544,0.0,349.0,recSqBYnc5zydbxmd
Zelda%2BBlue%2BAccent.glb,5,544,0.0,399.0,recM5Y6Dy2XTxEbgk
3%2BSeater%2BBlue.glb,5,544,0.0,499.0,recCDrfO0ZpdZvdRY
3.glb,5,544,0.0,449.0,recphy3qTKNwH8ztg
Sofa.glb,5,544,0.0,999.0,recCiJFSb7HRrsQ2L
2%2BSeater.glb,5,544,0.0,649.0,recG2skXiHFmrAygR
1.glb,5,544,0.0,449.0,recVJbotWC6QepzTT
CoffeeTable.glb,5,544,0.0,299.0,recuxXvjNnUcrG7oL
EntertainmentUnit.glb,5,544,0.0,,recCmajnA9kyAgPoG
Bookcase.glb,5,544,0.0,,recmVQiGm5zlwos9d
Bedframe%2B4%25276.glb,5,544,0.0,,reck4XtMaMSoseb3L
Green.glb,5,544,0.0,348.0,recd3hFXWIvtSqkOy
Pink.glb,5,544,0.0,308.0,recrvNALtCdq2lJ7a
Charcoal.glb,5,544,0.0,308.0,recQoZtwRjDlrTtHe
Closed.glb,5,544,0.0,749.0,recRpTQvf4ZVqA21M
Blue.glb,5,544,0.0,308.0,recevT8MQcUeER3cE
2.glb,5,544,0.0,1197.0,recAFcxO5uSkQSVEw
Carson.glb,5,544,0.0,179.0,recth5QsYyAKXHsNw
Armchair.glb,5,544,0.0,399.0,recJGouyHFuqgHs4V
3%2BSeater.glb,5,544,0.0,699.0,recXQQVHCDV1lswI1
Mustard.glb,5,544,0.0,,recfppchpPmLTEuF4
grey.glb,5,544,0.0,,rec4stqBoUl1V77Wc
3.glb,5,544,0.0,1197.0,rec3Si4SGWQNwlgMp
Arm.glb,5,544,0.0,,rec5Lo2baziY2Ak3j
Opened.glb,5,544,0.0,749.0,rectI6V5R2wPnj3r3
2%2BSeater.glb,5,544,0.0,,recA6XzCQqOUIbLLL
Brinley_15L_25R_Charcoal.glb,5,544,0.0,1199.0,recncaTyQLv5KBSwx
Brinley_15L_25R_Turquoise.glb,5,544,0.0,1199.0,recqFOqvYdHw4TNBL
Brinley_25L_15R_Turquoise.glb,5,544,0.0,1199.0,recZLgEKsDihMCswS
Brinley_25L_15R_Charcoal.glb,5,544,0.0,1199.0,recuxqpQrytdmJZyV
Emily_Dressing_Table_%2526_Stool.glb,5,544,0.0,299.0,rec1YPbHr95Hu1xcs
FarrowArmchair.glb,5,544,0.0,349.0,recEfEpCgwYGihqlD
Emily%2B4%25276%2BBedframe.glb,5,544,0.0,349.0,rec0gjYawwETy37vp
Emily%2BBedside%2BLocker.glb,5,544,0.0,125.0,recnVYQOtf4Ybp2kr
4%25276%2BBedframe.glb,5,544,0.0,349.0,rec6kbeZlPpLksbYr
Emily%2B5%2527%2BBedframe.glb,5,544,0.0,349.0,recy6cWI8G5cqR60m
3%2BDrawer%2BBedside%2BTable.glb,5,544,0.0,99.0,recNqsZPocy9qDp4N
2%2BOver%2B3.glb,5,544,0.0,249.0,recRJFuH6RhBwkEtH
5%2BBedframe.glb,5,544,0.0,249.0,recZHR10aQlkVSJUn
Emily%2B3%2527%2BBedframe.glb,5,544,0.0,349.0,recVxP7iKc1YlIuYQ
Emily%2B6%2BDrawer%2BDresser.glb,5,544,0.0,299.0,recVIdsBmVT86o7hB
Emily%2BBlanket%2BBox.glb,5,544,0.0,149.0,rec7abTTfJXqX8mKG
Grey.glb,5,544,0.0,59.0,recpcomZZOH2fZZ1K
Emily%2B4%2527%2BBedframe.glb,5,544,0.0,349.0,recW8XW9OATep2Lbe
3%2BOver%2B4.glb,5,544,0.0,249.0,recxRtFFDB71zXlVP
3%252B3%2BChest%2Bof%2BDrawers.glb,5,544,0.0,549.0,recQldnUM3XtA3ZgZ
3%252B2%2BChest%2Bof%2BDrawers.glb,5,544,0.0,549.0,recI7QnaJHmnm4Txd
Ivory.glb,5,544,0.0,59.0,recZ6nHLhmWCYlze5
bed%2B4.glb,5,544,0.0,269.0,recl90rCoivoTE8kv
fabric_light.glb,5,544,0.0,149.0,recbVNGvWTUDGhV0Q
velvet_pink.glb,5,544,0.0,149.0,rec9dLEKFURCUxgpj
fabric_dark.glb,5,544,0.0,149.0,rec3eyc9JfCCf0ycQ
dresser%2Band%2Bmirror.glb,5,544,0.0,1005.0,rectps5epV1jUd231
pink.glb,5,544,0.0,449.0,rec1HdVpo9hRdjY17
velvet_green.glb,5,544,0.0,149.0,recqjeJVPDaoNesCo
velvet_navy.glb,5,544,0.0,149.0,reczzWkxc0aZDwxMR
Eminence%2BCeramic%2BStone%2BTop%2BDouble%2BExtending%2BTable%2Bmiddle.glb,5,544,0.0,1099.0,recTHjH6ZC5uL2nlf
planet.glb,5,544,0.0,599.0,recXptGWi3aSpLSgx
Eminence%2BFast%2BExtending%2BTable%2Bin%2BCeramic%2BSalt%2BWhite%2Bsmall.glb,5,544,0.0,1099.0,rechfY5Oz7PoqevJJ
Havana%2Bbed.glb,5,544,0.0,,recAEWNT34ohA7ja6
drawer%2Btallboy.glb,5,544,0.0,249.0,recmdkld56I9QDVMB
velvet_charcole.glb,5,544,0.0,149.0,recRslhN0ss6sR5ud
bedside%2Blocker.glb,5,544,0.0,79.0,recFGncBIcpRYpKzz
grey.glb,5,544,0.0,179.0,recBIXpbNivfC8TiG
blue.glb,5,544,0.0,179.0,recsFx4kTleNESGNE
Eminence%2BTaupe%2BDining%2BTable%2Bsmall.glb,5,544,0.0,1099.0,reciWTG77G5teATrf
Eminence%2BCeramic%2BStone%2BTop%2BSingle%2BExtending%2BTable%2Blarge.glb,5,544,0.0,1099.0,recBn038gOoNQ6JKa
green.glb,5,544,0.0,449.0,recJwMMaJNnAqyocA
Eminence%2BCeramic%2BStone%2BTop%2BDouble%2BExtending%2BTable%2Bsmall.glb,5,544,0.0,1099.0,recYOas5Hj7SnoA4R
dining%2Bebony.glb,5,544,0.0,,recR7LKRo14XMnQxd
red.glb,5,544,0.0,179.0,recRMUhMnm0ENdoO0
bed%2B5.glb,5,544,0.0,299.0,recktg94hcZGhIw1t
bed%2B3.glb,5,544,0.0,,recbhuAAgeHo9PqrF
Eminence%2BCeramic%2BStone%2BTop%2BSingle%2BExtending%2BTable%2Bmiddle.glb,5,544,0.0,1099.0,rec00EWSkYNtOAFrU
Eminence%2BTobacco%2BOak%2BTop_%2BGraphite%2BLegs%2Bmiddle.glb,5,544,0.0,1099.0,recOxEVq6jgmbjlpS
2%2Bdoor%2Bwardrobe.glb,5,544,0.0,,reccAJLWKY4ql44gS
coco.glb,5,544,0.0,,recHZatFXplIiu7J3
2Seater.glb,5,544,0.0,,rec8FGd92aJC3Y6uI
bentley.glb,5,544,0.0,,recIMDLVm4sddfU3E
Eminence%2BCeramic%2BStone%2BTop%2BSingle%2BExtending%2BTable%2Bsmall.glb,5,544,0.0,1099.0,reczC3D6e9q6s4vo6
petrol.glb,5,544,0.0,,recBq73QtQ0xUyVZc
Eminence%2BFast%2BExtending%2BTable%2Bin%2BCeramic%2BSalt%2BWhite%2Blarge.glb,5,544,0.0,1099.0,recRvrzZisW4l69Ca
Annecy.glb,5,544,0.0,149.0,rec3sLgC99yvHuHjg
chair.glb,5,544,0.0,1297.0,recrpQk7CVTomCvnS
bar%2Bstool.glb,5,544,0.0,249.0,recfIPJSI5DbXlj4t
3Seater.glb,5,544,0.0,998.0,recrMjdBd9H6zeYna
Eminence%2BTobacco%2BOak%2BTop_%2BGraphite%2BLegs%2Bsmall.glb,5,544,0.0,1099.0,rec5Eg7cbEDy5JqoN
dining%2Bgrey.glb,5,544,0.0,249.0,recN9BIMbzyqTiDL8
Eminence%2BTaupe%2BDining%2BTable%2Bmiddle.glb,5,544,0.0,1099.0,recl9F7xPiYdJ9mXe
Eminence%2BCeramic%2BStone%2BTop%2BDouble%2BExtending%2BTable%2Blarge.glb,5,544,0.0,1099.0,recp0osEwR4It0gKy
bed%2B4%25276.glb,5,544,0.0,1005.0,recEf8ZNb0lN04tLs
3%2BSeater.glb,5,544,0.0,499.0,rec24OHW0xt0JLmwx
2%2BSeater.glb,5,544,0.0,499.0,rec7vHsVUJujIVBAp
Stool.glb,5,544,0.0,179.0,rec3SwMw3o8fYiwih
Triple%2BWaredrobe.glb,5,544,0.0,499.0,recoeszTq3lBWENJn
4%25276%2BBed.glb,5,544,0.0,699.0,recbCa1qc603QHTFk
5%25270%2BBed.glb,5,544,0.0,699.0,recQ9sfGhh6EBqzXB
Siren%2BWalnut.glb,5,544,0.0,299.0,recnG12bPgS0lvJY7
,5,544,0.0,,recAdqegyPeynVj7J
cabinet_01.usdz,5,544,0.0,899.0,recZzpnL94Ge3YOPe
,5,544,0.0,,rec4V2kjVX1JL64cC
HavanaBed46.usdz,4,9286236,0.0,499.0,recyVG0ocD1xOpUHd
EZLivingInteriors_-_SorrentoChair.usdz,4,79838439,0.0,79.0,recJ3O1CGZs2pQdbQ
,4,1836,0.0,,recV5r43AUGBH1QwY
EminenceTobaccoClosed.usdz,4,6287452,0.0,1099.0,recX8K43vWjRbIkPS
LargeSideboard.glb,4,544,0.0,1365.0,recVbH0Mfm3j8aaGF
SideTable.glb,4,544,0.0,649.0,recWEyeroSbuh00zy
WritingDesk.glb,4,544,0.0,649.0,recCGE7u6VfifKRD2
SmallSideboard.glb,4,544,0.0,219.0,recYD1Vr2IoZpMcZu
frameblue.glb,3,544,0.0,649.0,recSNM8klIkTDmRCr
framepink.glb,3,544,0.0,649.0,recXEIcHqSSA27Y08
framegreen.glb,3,544,0.0,649.0,recoXIwtETMYWJbHK
EminenceTaupeOpen.usdz,3,3770925,0.0,1099.0,recUabzw7KhNjmVO1
Left_Taupe.glb,3,544,0.0,999.0,recPJm8tvLEFKIjJA
Left_Black.glb,3,544,0.0,999.0,recUlEf8poMpFAgho
Giove_Taupe_Closed.glb,3,544,0.0,899.0,recg3OaStniaWMyUO
Giove_Taupe_Opened.glb,3,544,0.0,899.0,recQ8E3yM6cNlfzyZ
Giove_Black_Opened.glb,3,544,0.0,899.0,recsoevcRmoPdGsPQ
Giove_Black_Closed.glb,3,544,0.0,899.0,recciz9Jj9oWEdPjl
',2,0,0.0,649.0,recM7JwTrkFMih6AB
,2,14198640,0.0,,recbbo0UU7qnBahD1
Blue.glb,2,0,0.0,308.0,rec79mEk9JowgLOIW
Charcoal.glb,2,0,0.0,308.0,recEdbZfccT9gWXrN
Pink.glb,2,0,0.0,308.0,recmn3lvFERzjuHNE
Green.glb,2,0,0.0,308.0,rec3ZhTlyP12sp0WF
',2,0,0.0,699.0,rec52fw2nKd7b3VwP
EZLivingInteriors_-_Sorrento2Seater.usdz,2,62089150,0.0,649.0,recCm4NjFmOfNVNzg
,2,0,0.0,,recsgUuc86KyGqQxB
',1,0,0.0,1199.0,recQ1Vq4jcyoLStcl
',1,0,0.0,649.0,recJOkUsfwwwb1WLY
',1,0,0.0,359.0,rec5hHXXt7LoAJUtP
',1,0,0.0,179.0,recAMJUebSqDJonjz
',1,0,0.0,299.0,recidPYFjPFcpXXI7
',1,0,0.0,349.0,rec8zq0c1IXm5FQ48
',1,0,0.0,799.0,recyTf5672avfCEtH
',1,0,0.0,399.0,recm5Dj9bz2ZA46Kz
',1,0,0.0,1199.0,rec2UnShV8CSHEWHl
',1,0,0.0,99.0,recbH7iaeHjxipqiA
',1,0,0.0,1365.0,rec2Iy9W2i0tT7aEx
',1,0,0.0,749.0,recHM1RlkXKVxpBJH
',1,0,0.0,599.0,recv6FAWk5j65JcE1
',1,0,0.0,348.0,recaS4QYbQnEatT9F
',1,0,0.0,179.0,rec5sdXm22avm7SIB
',1,0,0.0,348.0,recPucLLGgB6HSHa8
',1,0,0.0,348.0,recHOS2AKfoHHsE7S
',1,0,0.0,1199.0,recWwXi8fm4sF4azO
',1,0,0.0,135.0,recvn23pOFfa0WAg1
',1,0,0.0,249.0,reczXoVumzUA0H1iv
',1,0,0.0,499.0,recvERkbndGAJ1RMb
',1,0,0.0,399.0,recdlFiHuIy5xVSoE
',1,0,0.0,499.0,recQ2DG2Y8SQrECTm
',1,0,0.0,59.0,recHZ7wMXFNnDZQuZ
',1,0,0.0,599.0,recID2fPWzFcZQABX
',1,0,0.0,179.0,recRkvvudRcYq1OCM
',1,0,0.0,249.0,recwHMef2C4VnoPlu
',1,0,0.0,149.0,reczuOezr4MCrbMo0
',1,0,0.0,1005.0,recrG9XimLpaHGxm9
',1,0,0.0,149.0,recL0QYzAztjewtW6
',1,0,0.0,1297.0,recQCtNZfMWS061xV
',1,0,0.0,599.0,recSkFJyPPPh63cI6
',1,0,0.0,449.0,reckXigFCnwDBHjIo
',1,0,0.0,549.0,recGwkdmC0spms8FA
',1,0,0.0,599.0,recPNeSQAEidsQGIW
',1,0,0.0,1099.0,recsasTiwpwM2wmJp
',1,0,0.0,219.0,recYDxqEp8cbVOuoM
,1,0,0.0,,recWMOfqg6Mltjwdz
',1,0,0.0,899.0,recrHu6uZsnsjH1cx
,1,0,0.0,,recqFdnSQ1eHO460N
,1,0,0.0,,recpHVXQrS4vbdkcW
,1,0,0.0,,rec1HLmUetwfpJp9c
,1,0,0.0,,rec3dT2Zn27ONqhKc
ctiofficechair10size.glb,1,10982773,0.0,249.0,recmHM7TuSYZxW7PL
,1,0,0.0,,rec7oabGTuyUYOlEC
,1,0,0.0,,recXNFepJZYSlzFUx
,1,0,0.0,,recMyAPJ7OloQDDzI
,1,0,0.0,,recWCHu0qyiRBPxsB
