value,hits,bytes,cost,Price
EZLivingInteriors_-_Kendal3SeaterBlue.usdz,3953,8860732740,0.7093,599.0
EZLivingInteriors_-_JunoLeft.usdz,3214,19617791252,1.6771,1199.0
EZLivingInteriors_-_JunoRight.usdz,2933,17282730473,1.4668,1199.0
EZLivingInteriors_-_PrimroseBlue.usdz,2667,3029433224,0.1839,59.0
PrimroseBlushPink.usdz,2631,2862377343,0.1689,
EZLivingInteriors-MustardHexagonTable.usdz,2543,1540965118,0.0499,35.0
EZLivingInteriors_-_PrimroseGrey.usdz,2535,2630636363,0.14800000000000002,59.0
PrimroseNavy.usdz,2500,2431601060,0.13,59.0
PrimroseLightBrown.usdz,2497,2481467844,0.1345,59.0
Farrow2Seater.usdz,2315,2840165080,0.1667,499.0
EZLivingInteriors-Waldorf3Seater.usdz,2015,5085647142,0.3687,499.0
-',1836,1723053,0.0009,
MarlowVelvetGreen.usdz,1441,1601644349,0.0548,149.0
MarlowVelvetCharcoal.usdz,1432,1573213904,0.0523,149.0
EZLivingInteriors-Scott25Leather.usdz,1331,3513409852,0.2268,1399.0
EZLivingInteriors-GreyHexagonTable.usdz,1178,927992276,0.0006,35.0
MarlowVelvetNavy.usdz,1117,1373428896,0.0341,149.0
MarlowVelvetPink.usdz,1079,1276598224,0.0254,149.0
MarlowFabricDarkWood.usdz,1060,1947472300,0.0858,
RugPowder.usdz,970,3101756543,0.1896,319.0
EZLivingInteriors-MontreuxGreyX.usdz,867,1633507402,0.0574,
LoireOvalTableOpen.usdz,797,1303395394,0.0277,799.0
EZLiving_-_CaliaDiningTable.usdz,683,662301191,0.0003,699.0
EZLivingInteriors_-_Scott2SeaterGreen.usdz,627,1989244228,0.0893,999.0
Brighton2SeaterGrey.usdz,567,1350343584,0.0318,
Loire2DrawerBedsideTable.usdz,565,430422062,0.0003,179.0
Brighton2SeaterPink.usdz,550,1174685929,0.016,
EZLivingInteriors-Scott3Leather.usdz,550,2272172497,0.1148,
PanamaLampTableWhite.usdz,524,315596047,0.0002,159.0
PanamaDiningTableOpen.usdz,519,285197914,0.0002,599.0
Planet.usdz,511,403039358,0.0002,599.0
EZLivingInteriors-Waldorf2Seater.usdz,477,1275948086,0.0251,439.0
West%2BElm%2BThree%2BSeater.glb,461,3131520061,0.1921,
Brighton3SeaterPink.usdz,416,949647553,0.0002,599.0
EZLivingInteriors_-_InspireLeftGrey.usdz,339,2421420758,0.1281,799.0
RugAbstractGrey.usdz,314,1029715868,0.0028,319.0
EZLiving_-_ChelseaBarStoolBlue.usdz,287,1019963147,0.0019,229.0
EZLivingInteriors_-_InspireRightLightGrey.usdz,260,2920319389,0.17300000000000001,799.0
EZLivingInteriors-SofiaFootstoolPink.usdz,218,450608382,0.0001,149.0
EZLivingInteriors-SofiaFootstoolGreen.usdz,213,439751236,0.0001,149.0
EZLivingInteriors-SofiaFootstoolBlue.usdz,211,466755546,0.0001,149.0
EZLivingInteriors-SofiaFootstoolCharcoal.usdz,209,425726300,0.0001,149.0
EZLivingInteriors_-_Kendal2SeaterBlue.usdz,197,1190775370,0.0173,499.0
Mustard%2BTable.glb,169,426987711,0.0001,
EZLivingInteriors_-_Kendal3SeaterGrey.usdz,168,1629612344,0.0567,499.0
EZLivingInteriors_-_InspireLeftLightGrey.usdz,163,1776507423,0.07,799.0
Brighton3SeaterGrey.usdz,145,777207029,0.0001,599.0
EZLivingInteriors_-_Kendal2SeaterGrey.usdz,142,2440241645,0.1297,499.0
EZLivingInteriors-ClaraCornerLeft.usdz,142,2169705427,0.1053,1099.0
EZLivingInteriors_-_InspireRightGrey.usdz,139,1941491498,0.0848,799.0
EZLivingInteriors_-_KendalArmchairBlue.usdz,137,668061725,0.0001,399.0
wind02.glb,134,316170755,0.0001,549.0
EZLivingInteriors_-_ScottCornerGreenLeft.usdz,120,730380562,0.0001,1799.0
EZLivingInteriors-CharmLeftCorner.usdz,118,2138403388,0.1025,1199.0
EZLivingInteriors-ClaraCornerRight.usdz,117,1836978029,0.0754,1099.0
Taylor2Seater.usdz,114,465890036,0.0001,399.0
EZLivingInteriors-KarmaRightBlack.usdz,111,686326725,0.0001,999.0
PanamaConsoleTableWhite.usdz,106,89769492,0.0001,179.0
EZLivingInteriors-Brinley_25L_15RTurquoise.usdz,106,337878523,0.0001,1199.0
EminenceCeramicStoneSingleOpen.usdz,106,136783208,0.0001,1099.0
EZLivingInteriors_-_BellaChairGreen.usdz,106,512556618,0.0001,349.0
Farrow3Seater.usdz,105,351989715,0.0,599.0
EZLivingInteriors-CharmRightCorner.usdz,105,1916752407,0.0826,1199.0
EZLivingInteriors_-_ScottCornerGreenRight.usdz,103,619459071,0.0,1799.0
EZLivingInteriors_-_Scott2SeaterBlack.usdz,101,528218888,0.0,999.0
EZLivingInteriors_-_KendalArmchairFootrestBlue.usdz,100,540236636,0.0,399.0
CassieSofabedOpen.usdz,99,472984380,0.0,749.0
EZLivingInteriors_-_Inspire3Seater.usdz,98,1031458405,0.0029,599.0
MarlowFabricLightWood.usdz,95,432153182,0.0,149.0
EZLivingInteriors-CharmCuddlerArmchair.usdz,94,1476551909,0.0429,499.0
EZLivingInteriors_-_AnnekaBlue.usdz,94,1166592093,0.015,499.0
EZLivingInteriors_-_NattySofa.usdz,91,1184132022,0.0166,999.0
EZLivingInteriors_-_ScottCornerBlackRight.usdz,91,471090316,0.0,1799.0
FrameGreen.usdz,91,172068843,0.0,
EZLivingInteriors_-_BellaChairBlue.usdz,87,412901015,0.0,349.0
EZLivingInteriors-SofiaChairPink.usdz,86,315499243,0.0,308.0
HarrisGreen.usdz,85,157574785,0.0,349.0
EZLivingInteriors-ClaraFootstool.usdz,85,471497639,0.0,269.0
EZLivingInteriors_-_AnnekaGreen.usdz,85,997113852,0.0,499.0
EZLivingInteriors_-_ScottCornerBlackLeft.usdz,85,444157537,0.0,1799.0
EZLivingInteriors-Clara3Seater.usdz,84,1449309000,0.0405,749.0
EZLiving_-_CaliaSofaTable.usdz,82,94228052,0.0,129.0
EZLivingInteriors-Charm3Seater.usdz,81,1365237201,0.0329,749.0
EZLivingInteriors-Clara2Seater.usdz,80,1407429785,0.0367,649.0
EZLiving_-_PanamaBlue.usdz,80,639046695,0.0,
HarrisPink.usdz,79,162284744,0.0,349.0
BrightonArmchairGrey.usdz,78,400602844,0.0,
EZLivingInteriors_-_Inspire2Seater.usdz,78,802168012,0.0,499.0
Laura3Seater.usdz,77,314796526,0.0,399.0
EZLivingInteriors_-_NattyLoveseat.usdz,76,990361856,0.0,899.0
EZLivingInteriors-Charm2Seater.usdz,75,1282116281,0.0254,649.0
EZLivingInteriors-AdamBed4%25276%2522.usdz,75,158668339,0.0,349.0
EZLivingInteriors-Adam3Drawer.usdz,74,33981552,0.0,199.0
EZLivingInteriors-SofiaChairBlue.usdz,73,268423345,0.0,308.0
EZLivingInteriors_-_CaliaConsoleTable.usdz,73,273862995,0.0,299.0
EZLivingInteriors-CheltenhamBedsideLocker.usdz,73,131316500,0.0,179.0
EZLivingInteriors_-_GodwinTurquoise.usdz,72,914257298,0.0,299.0
EZLiving_-_PanamaCharcoal.usdz,72,524142541,0.0,299.0
Taylor3Seater.usdz,72,454199262,0.0,1297.0
Model01GreenVelvet.glb,72,284048674,0.0,
RugLightBlue.usdz,71,638524155,0.0,319.0
EZLivingInteriors_-_KendalArmchairGrey.usdz,71,534784989,0.0,399.0
EZLivingInteriors-ClaraWingedAccentChair.usdz,71,1089146855,0.0081,499.0
EZLivingInteriors_-_KendalArmchairFootrestGrey.usdz,70,537626571,0.0,399.0
HarrisTurquoise.usdz,70,131676230,0.0,299.0
EZLivingInteriors-SofiaChairCharcoal.usdz,70,287362981,0.0,308.0
Emily46Bed.usdz,70,363183810,0.0,299.0
EZLivingInteriors_-_ZeldaOrange.usdz,69,2116685999,0.1005,399.0
EminenceCeramicStoneDoubleOpen.usdz,68,85222088,0.0,1099.0
Emily6DrawerDresser.usdz,68,38415308,0.0,299.0
PanamaConsoleTableGrey.usdz,68,60715519,0.0,179.0
EZLiving_-_PanamaPink.usdz,68,606096403,0.0,299.0
EZLivingInteriors_-_CaliaEntertainmentUnit.usdz,67,505243782,0.0,599.0
EZLivingInteriors_-_GodwinNavy.usdz,67,806545711,0.0,349.0
BrightonArmchairPink.usdz,66,313681276,0.0,
EZLivingInteriors-CharmBenchFootstool.usdz,66,754883607,0.0,269.0
EZLivingInteriors-Brinley_15L_25RCharcoal.usdz,65,199390273,0.0,1199.0
EZLivingInteriors_-_GodwinGreen.usdz,65,847449344,0.0,349.0
EZLivingInteriors-SofiaChairGreen.usdz,65,245843657,0.0,348.0
EZLivingInteriors-MontreuxGrey.usdz,64,375410701,0.0,849.0
HarrisNavy.usdz,62,118599304,0.0,349.0
EZLivingInteriors_-_Farrow3Seater.usdz,62,364051434,0.0,599.0
EZLivingInteriors-ChicBarstoolGrey.usdz,61,512097660,0.0,59.0
EZLivingInteriors_-_CaliaLargeSideboard.usdz,61,370174181,0.0,999.0
EZLivingInteriors_-_BellaChairGrey.usdz,60,337782139,0.0,
PanamaSquareCoffeeTableGrey.usdz,59,57064505,0.0,269.0
EZLivingInteriors-Carson_Beige_Bar_Stool.usdz,59,718008494,0.0,179.0
EZLivingInteriors-Brinley_15L_25RTurquoise.usdz,59,196689893,0.0,1199.0
EmilyBlanketBox.usdz,58,28242868,0.0,149.0
Emily3Bed.usdz,58,267153749,0.0,249.0
EZLivingInteriors_-_ZeldaBlueAccent.usdz,57,1783325545,0.0705,399.0
EZLivingInteriors_-_CaliaBookcase.usdz,57,317042152,0.0,649.0
EZLivingInteriorsBrinley_25L_15RCharcoal.usdz,57,179560315,0.0,1199.0
EZLivingInteriors-Cheltanham46Bed.usdz,56,180614032,0.0,599.0
EZLivingInteriors_-_InspireArmchair.usdz,55,512668861,0.0,349.0
GioveTaupeOpened.usdz,55,96882335,0.0,
TaylorArmchair.usdz,55,304678968,0.0,1297.0
EZLivingInteriors_-_Kurve3Seater.usdz,54,1303803501,0.0274,699.0
Carter%2Bgrey%2Bbar%2Bstool.usdz,54,645228347,0.0,
EZLivingInteriors-Cheltanham5Bed.usdz,53,161112308,0.0,699.0
LoireLargeSideboardCharcoal.usdz,53,148645336,0.0,599.0
Emily4Bed.usdz,52,243622215,0.0,299.0
CocoSofa.usdz,52,150974720,0.0,699.0
EZLivingInteriors_-_CaliaWritingDesk.usdz,51,320786641,0.0,649.0
Laura2Seater.usdz,51,202359264,0.0,349.0
BalyBed5.usdz,51,124997816,0.0,299.0
GioveBlackOpened.usdz,50,104906784,0.0,899.0
EZLivingInteriors-Cheltenham3plus3.usdz,48,89113038,0.0,549.0
LoireTVUnit.usdz,48,72899682,0.0,399.0
EZLivingInteriors-CheltanhamTripleWardrobe.usdz,48,89399112,0.0,799.0
BalyBed4.usdz,47,130759217,0.0,975.0
PanamaLampTableGrey.usdz,47,41550162,0.0,159.0
Emily5Bed.usdz,47,216703192,0.0,339.0
RugPopYellow.usdz,46,403947436,0.0,319.0
LoireGrey23Drawer.usdz,46,102434968,0.0,499.0
LoireDisplayUnitCharcoal.usdz,45,82742940,0.0,749.0
RugAbstractRose.usdz,45,372749884,0.0,319.0
BalyBed46.usdz,45,119407564,0.0,975.0
FramePink.usdz,45,92647880,0.0,
EZLivingInteriors-Maxwell2Seater.usdz,44,389606214,0.0,349.0
LoireConsoleTableGrey.usdz,44,108935201,0.0,299.0
BalyBedsideLocker.usdz,44,66789228,0.0,79.0
HarrisCharcoal.usdz,42,83889792,0.0,349.0
NewYorkBarChair.usdz,42,99455538,0.0,249.0
EZLivingInteriors-ChicBarstoolIvory.usdz,42,382234886,0.0,59.0
Social%2BDistance%2BVisualiser%2Bby%2BAllen%2BWixted.reality',42,20219552,0.0,
EZLivingInteriors-WaldorfChair.usdz,41,282489724,0.0,359.0
BalyBed3.usdz,41,102896064,0.0,199.0
Baly5DrawerTallboy.usdz,41,77313536,0.0,249.0
EZLivingInteriors-CheltenhamDoubleWardrobe.usdz,41,61744932,0.0,269.0
PanamaSquareCoffeeTableWhite.usdz,40,36373088,0.0,499.0
EZLivingInteriors_-_CaliaLargeBench.usdz,40,158590021,0.0,299.0
BijouxPink.usdz,40,79546200,0.0,449.0
EZLivingInteriors-ChicBarstoolBlack.usdz,40,313252415,0.0,59.0
Portland.usdz,39,103614526,0.0,599.0
LoireBookcase.usdz,39,74481180,0.0,549.0
RugAbstractYellow.usdz,37,312848079,0.0,319.0
EZLiving_-_ChelseaBarStoolOrange.usdz,37,207166577,0.0,229.0
EZLivingInteriors-MaxwellArmchair.usdz,37,384497888,0.0,349.0
EZLiving_-_ChelseaBarStoolGrey.usdz,37,206526809,0.0,229.0
EZLivingInteriors-Juno2Seater.usdz,37,142225335,0.0,649.0
EZLivingInteriors_-_CaliaSmallSideboard.usdz,37,213395369,0.0,799.0
EZLivingInteriors-AdamBed5%2527.usdz,37,73213536,0.0,349.0
Annecy.usdz,37,161923247,0.0,149.0
LoireLargeSideboardGrey.usdz,37,102677420,0.0,599.0
LoireCoffeeTable.usdz,37,76598306,0.0,299.0
LoireSmallSideboard.usdz,37,55270526,0.0,399.0
EmilyBedsideLocker.usdz,36,15869412,0.0,125.0
EZLivingInteriors-Maxwell3Seater.usdz,36,365618634,0.0,499.0
FarrowArmchair.usdz,35,98673516,0.0,349.0
AthosOpened.usdz,34,80425637,0.0,1999.0
EZLivingInteriors_-_CaliaCoffeeTable.usdz,34,118608112,0.0,299.0
LoireDiningChair.usdz,34,71701888,0.0,119.0
BentleyChair.usdz,34,68582930,0.0,549.0
Baly2DoorWardrobe.usdz,34,56504040,0.0,399.0
EZLivingInteriors_-_CaliaSideTable.usdz,34,212222558,0.0,149.0
RugAbstractBeige.usdz,33,251989740,0.0,319.0
EZLivingInteriors_-_Kurve2Seater.usdz,33,741298582,0.0,599.0
LoireDisplayUnitGrey.usdz,32,57927808,0.0,749.0
SandyGrey.usdz,32,51518592,0.0,179.0
SandyRed.usdz,31,51047421,0.0,179.0
LoireConsoleTableCharcoal.usdz,31,86098478,0.0,299.0
FrameBlue.usdz,31,64364948,0.0,
LauraChair.usdz,30,117261330,0.0,249.0
BijouxGreen.usdz,30,58327200,0.0,449.0
PrimroseYellow.usdz,29,81320176,0.0,59.0
BalyDrawerDresserMirror.usdz,29,60940658,0.0,299.0
SandyBlue.usdz,29,45875796,0.0,179.0
RugBeige.usdz,28,235402315,0.0,319.0
BijouxPetrol.usdz,28,54499676,0.0,449.0
RugRockstar.usdz,26,258340393,0.0,319.0
Carter.glb,25,81062240,0.0,199.0
EZLivingInteriors-KarmaLeftBlack.usdz,24,103298229,0.0,999.0
FarrowStool.usdz,24,50122362,0.0,
EZLivingInteriors_-_KurveArmchair.usdz,22,531120995,0.0,399.0
EZLivingInteriors-Adam2Over3.usdz,21,9348032,0.0,249.0
EZLivingInteriors-KarmaLeftTaupe.usdz,21,108088174,0.0,999.0
NewYorkDiningVintage_Ebony.usdz,21,49509201,0.0,199.0
Model01GreenVelvet.usdz,21,84652308,0.0,
Panama_square_grey.glb,21,28361857,0.0,269.0
NewYorkDiningChairGrey.usdz,20,45781760,0.0,199.0
EZLivingInteriors-KarmaRightTaupe.usdz,19,106583168,0.0,999.0
Panama_lamp_grey.glb,19,23594041,0.0,159.0
EZLiving_-_ChelseaBarStoolYellow.usdz,17,92092240,0.0,229.0
Loire34DrawerWideChest.usdz,17,50832397,0.0,629.0
Panama_square_white.glb,17,21144833,0.0,269.0
SandyGreen.usdz,17,26508661,0.0,179.0
dose_02.usdz,16,30790680,0.0,
West%2BElm%2BThree%2BSeater.usdz,16,63373282,0.0,
carter%2B%25281%2529.glb,15,51041020,0.0,199.0
index.html',15,21619,0.0,
Armchair%2BBlue.glb,14,5914184,0.0,399.0
EZLivingInteriors_-_PrimrosePink.usdz,14,26246979,0.0,59.0
Armchair.glb,13,17706831,0.0,499.0
Footstool.glb,12,26868166,0.0,449.0
Corner%2BRight.glb,12,20788823,0.0,1199.0
Corner%2BLeft.glb,12,20788812,0.0,1199.0
Zelda%2BBurnt%2BOrange.glb,12,16772648,0.0,399.0
EZLivingInteriors_-_PrimroseBrown.usdz,12,23960844,0.0,59.0
2%2BSeater.glb,11,19300651,0.0,649.0
3%2BSeater.glb,11,19185587,0.0,649.0
tween_02.usdz,11,30550108,0.0,269.0
Wind.usdz,10,8759710,0.0,349.0
New%2BArmchair.glb,10,20791875,0.0,
Project%2BName%2B%25281%2529.glb,10,1088,0.0,
carter%2B%25281%2529.glb,10,1088,0.0,
viewer.css',10,19000,0.0,
viewer.js',10,17568,0.0,
deposition_01.glb,10,18550064,0.0,
2%2BSeater.glb,9,1232,0.0,
Armchair.glb,9,1232,0.0,
3%2BSeater.glb,9,1232,0.0,
3%2BSeater.glb,9,1220,0.0,
LargeBench.glb,9,1088,0.0,1445.0
Right_Black.glb,9,1232,0.0,999.0
Right_Taupe.glb,9,1232,0.0,999.0
DegiroTest.js',9,1640,0.0,
qrcode.js',9,232176,0.0,
2%2BSeater.glb,8,1088,0.0,649.0
2%2BSeater.glb,8,7922452,0.0,499.0
Bedside%2BLocker.glb,8,1088,0.0,179.0
Black.glb,8,1088,0.0,
Double%2BWardrobe.glb,8,1088,0.0,499.0
green.glb,8,1088,0.0,
EZLivingInteriors_-_Sorrento3Seater.usdz,7,209293791,0.0,
Green.glb,7,3194960,0.0,
Montreux%2BGrey%2BWashed.glb,7,544,0.0,135.0
Montreux%2BGrey%2BWashed%2BX.glb,7,544,0.0,135.0
EZLivingInteriors-Cheltenham3plus2.usdz,7,13623995,0.0,499.0
Blue.glb,6,8641052,0.0,
3%2BSeater.glb,6,7240312,0.0,649.0
Blue.glb,6,4415760,0.0,
Blue.glb,6,3198452,0.0,349.0
Green.glb,6,3156276,0.0,349.0
White.glb,6,3118996,0.0,349.0
Black.glb,6,2179364,0.0,
ConsoleTable.glb,6,544,0.0,
hydration.glb,6,7632352,0.0,
Corner%2BRight.glb,5,544,0.0,1099.0
Chair.glb,5,544,0.0,499.0
Footstool.glb,5,544,0.0,269.0
Corner%2BLeft.glb,5,544,0.0,1099.0
2%2BSeater%2BGrey.glb,5,544,0.0,599.0
2.glb,5,544,0.0,439.0
Swivel%2BChair.glb,5,544,0.0,
3%2BSeater%2BGrey.glb,5,544,0.0,499.0
Turquoise.glb,5,544,0.0,349.0
Armchair%2BGrey.glb,5,544,0.0,399.0
2%2BSeater%2BBlue.glb,5,544,0.0,499.0
Armchair.glb,5,544,0.0,
Left.glb,5,544,0.0,349.0
Navy.glb,5,544,0.0,349.0
Armchair%2B%252B%2BFootrest%2BGrey.glb,5,544,0.0,179.0
Armchair%2B%252B%2BFootrest%2BBlue.glb,5,544,0.0,179.0
Right.glb,5,544,0.0,
Green.glb,5,544,0.0,349.0
Loveseat.glb,5,544,0.0,299.0
3%2BSeater.glb,5,544,0.0,349.0
Zelda%2BBlue%2BAccent.glb,5,544,0.0,399.0
3%2BSeater%2BBlue.glb,5,544,0.0,499.0
3.glb,5,544,0.0,449.0
Sofa.glb,5,544,0.0,999.0
2%2BSeater.glb,5,544,0.0,649.0
1.glb,5,544,0.0,449.0
CoffeeTable.glb,5,544,0.0,299.0
EntertainmentUnit.glb,5,544,0.0,
Bookcase.glb,5,544,0.0,
Bedframe%2B4%25276.glb,5,544,0.0,
Green.glb,5,544,0.0,348.0
Pink.glb,5,544,0.0,308.0
Charcoal.glb,5,544,0.0,308.0
Closed.glb,5,544,0.0,749.0
Blue.glb,5,544,0.0,308.0
2.glb,5,544,0.0,1197.0
Carson.glb,5,544,0.0,179.0
Armchair.glb,5,544,0.0,399.0
3%2BSeater.glb,5,544,0.0,699.0
Mustard.glb,5,544,0.0,
grey.glb,5,544,0.0,
3.glb,5,544,0.0,1197.0
Arm.glb,5,544,0.0,
Opened.glb,5,544,0.0,749.0
2%2BSeater.glb,5,544,0.0,
Brinley_15L_25R_Charcoal.glb,5,544,0.0,1199.0
Brinley_15L_25R_Turquoise.glb,5,544,0.0,1199.0
Brinley_25L_15R_Turquoise.glb,5,544,0.0,1199.0
Brinley_25L_15R_Charcoal.glb,5,544,0.0,1199.0
Emily_Dressing_Table_%2526_Stool.glb,5,544,0.0,299.0
FarrowArmchair.glb,5,544,0.0,349.0
Emily%2B4%25276%2BBedframe.glb,5,544,0.0,349.0
Emily%2BBedside%2BLocker.glb,5,544,0.0,125.0
4%25276%2BBedframe.glb,5,544,0.0,349.0
Emily%2B5%2527%2BBedframe.glb,5,544,0.0,349.0
3%2BDrawer%2BBedside%2BTable.glb,5,544,0.0,99.0
2%2BOver%2B3.glb,5,544,0.0,249.0
5%2BBedframe.glb,5,544,0.0,249.0
Emily%2B3%2527%2BBedframe.glb,5,544,0.0,349.0
Emily%2B6%2BDrawer%2BDresser.glb,5,544,0.0,299.0
Emily%2BBlanket%2BBox.glb,5,544,0.0,149.0
Grey.glb,5,544,0.0,59.0
Emily%2B4%2527%2BBedframe.glb,5,544,0.0,349.0
3%2BOver%2B4.glb,5,544,0.0,249.0
3%252B3%2BChest%2Bof%2BDrawers.glb,5,544,0.0,549.0
3%252B2%2BChest%2Bof%2BDrawers.glb,5,544,0.0,549.0
Ivory.glb,5,544,0.0,59.0
bed%2B4.glb,5,544,0.0,269.0
fabric_light.glb,5,544,0.0,149.0
velvet_pink.glb,5,544,0.0,149.0
fabric_dark.glb,5,544,0.0,149.0
dresser%2Band%2Bmirror.glb,5,544,0.0,1005.0
pink.glb,5,544,0.0,449.0
velvet_green.glb,5,544,0.0,149.0
velvet_navy.glb,5,544,0.0,149.0
Eminence%2BCeramic%2BStone%2BTop%2BDouble%2BExtending%2BTable%2Bmiddle.glb,5,544,0.0,1099.0
planet.glb,5,544,0.0,599.0
Eminence%2BFast%2BExtending%2BTable%2Bin%2BCeramic%2BSalt%2BWhite%2Bsmall.glb,5,544,0.0,1099.0
Havana%2Bbed.glb,5,544,0.0,
drawer%2Btallboy.glb,5,544,0.0,249.0
velvet_charcole.glb,5,544,0.0,149.0
bedside%2Blocker.glb,5,544,0.0,79.0
grey.glb,5,544,0.0,179.0
blue.glb,5,544,0.0,179.0
Eminence%2BTaupe%2BDining%2BTable%2Bsmall.glb,5,544,0.0,1099.0
Eminence%2BCeramic%2BStone%2BTop%2BSingle%2BExtending%2BTable%2Blarge.glb,5,544,0.0,1099.0
green.glb,5,544,0.0,449.0
Eminence%2BCeramic%2BStone%2BTop%2BDouble%2BExtending%2BTable%2Bsmall.glb,5,544,0.0,1099.0
dining%2Bebony.glb,5,544,0.0,
red.glb,5,544,0.0,179.0
bed%2B5.glb,5,544,0.0,299.0
bed%2B3.glb,5,544,0.0,
Eminence%2BCeramic%2BStone%2BTop%2BSingle%2BExtending%2BTable%2Bmiddle.glb,5,544,0.0,1099.0
Eminence%2BTobacco%2BOak%2BTop_%2BGraphite%2BLegs%2Bmiddle.glb,5,544,0.0,1099.0
2%2Bdoor%2Bwardrobe.glb,5,544,0.0,
coco.glb,5,544,0.0,
2Seater.glb,5,544,0.0,
bentley.glb,5,544,0.0,
Eminence%2BCeramic%2BStone%2BTop%2BSingle%2BExtending%2BTable%2Bsmall.glb,5,544,0.0,1099.0
petrol.glb,5,544,0.0,
Eminence%2BFast%2BExtending%2BTable%2Bin%2BCeramic%2BSalt%2BWhite%2Blarge.glb,5,544,0.0,1099.0
Annecy.glb,5,544,0.0,149.0
chair.glb,5,544,0.0,1297.0
bar%2Bstool.glb,5,544,0.0,249.0
3Seater.glb,5,544,0.0,998.0
Eminence%2BTobacco%2BOak%2BTop_%2BGraphite%2BLegs%2Bsmall.glb,5,544,0.0,1099.0
dining%2Bgrey.glb,5,544,0.0,249.0
Eminence%2BTaupe%2BDining%2BTable%2Bmiddle.glb,5,544,0.0,1099.0
Eminence%2BCeramic%2BStone%2BTop%2BDouble%2BExtending%2BTable%2Blarge.glb,5,544,0.0,1099.0
bed%2B4%25276.glb,5,544,0.0,1005.0
3%2BSeater.glb,5,544,0.0,499.0
2%2BSeater.glb,5,544,0.0,499.0
Stool.glb,5,544,0.0,179.0
Triple%2BWaredrobe.glb,5,544,0.0,499.0
4%25276%2BBed.glb,5,544,0.0,699.0
5%25270%2BBed.glb,5,544,0.0,699.0
Siren%2BWalnut.glb,5,544,0.0,299.0
,5,544,0.0,
cabinet_01.usdz,5,544,0.0,899.0
,5,544,0.0,
HavanaBed46.usdz,4,9286236,0.0,499.0
EZLivingInteriors_-_SorrentoChair.usdz,4,79838439,0.0,79.0
,4,1836,0.0,
EminenceTobaccoClosed.usdz,4,6287452,0.0,1099.0
LargeSideboard.glb,4,544,0.0,1365.0
SideTable.glb,4,544,0.0,649.0
WritingDesk.glb,4,544,0.0,649.0
SmallSideboard.glb,4,544,0.0,219.0
frameblue.glb,3,544,0.0,649.0
framepink.glb,3,544,0.0,649.0
framegreen.glb,3,544,0.0,649.0
EminenceTaupeOpen.usdz,3,3770925,0.0,1099.0
Left_Taupe.glb,3,544,0.0,999.0
Left_Black.glb,3,544,0.0,999.0
Giove_Taupe_Closed.glb,3,544,0.0,899.0
Giove_Taupe_Opened.glb,3,544,0.0,899.0
Giove_Black_Opened.glb,3,544,0.0,899.0
Giove_Black_Closed.glb,3,544,0.0,899.0
',2,0,0.0,649.0
,2,14198640,0.0,
Blue.glb,2,0,0.0,308.0
Charcoal.glb,2,0,0.0,308.0
Pink.glb,2,0,0.0,308.0
Green.glb,2,0,0.0,308.0
',2,0,0.0,699.0
EZLivingInteriors_-_Sorrento2Seater.usdz,2,62089150,0.0,649.0
,2,0,0.0,
',1,0,0.0,1199.0
',1,0,0.0,649.0
',1,0,0.0,359.0
',1,0,0.0,179.0
',1,0,0.0,299.0
',1,0,0.0,349.0
',1,0,0.0,799.0
',1,0,0.0,399.0
',1,0,0.0,1199.0
',1,0,0.0,99.0
',1,0,0.0,1365.0
',1,0,0.0,749.0
',1,0,0.0,599.0
',1,0,0.0,348.0
',1,0,0.0,179.0
',1,0,0.0,348.0
',1,0,0.0,348.0
',1,0,0.0,1199.0
',1,0,0.0,135.0
',1,0,0.0,249.0
',1,0,0.0,499.0
',1,0,0.0,399.0
',1,0,0.0,499.0
',1,0,0.0,59.0
',1,0,0.0,599.0
',1,0,0.0,179.0
',1,0,0.0,249.0
',1,0,0.0,149.0
',1,0,0.0,1005.0
',1,0,0.0,149.0
',1,0,0.0,1297.0
',1,0,0.0,599.0
',1,0,0.0,449.0
',1,0,0.0,549.0
',1,0,0.0,599.0
',1,0,0.0,1099.0
',1,0,0.0,219.0
,1,0,0.0,
',1,0,0.0,899.0
,1,0,0.0,
,1,0,0.0,
,1,0,0.0,
,1,0,0.0,
ctiofficechair10size.glb,1,10982773,0.0,249.0
,1,0,0.0,
,1,0,0.0,
,1,0,0.0,
,1,0,0.0,
