value,hits,bytes,cost,Price,dup
EZLivingInteriors_-_Kendal3SeaterBlue.usdz,3953,8860732740,0.7093,599.0,False
EZLivingInteriors_-_JunoLeft.usdz,3214,19617791252,1.6771,1199.0,False
EZLivingInteriors_-_JunoRight.usdz,2933,17282730473,1.4668,1199.0,False
EZLivingInteriors_-_PrimroseBlue.usdz,2667,3029433224,0.1839,59.0,False
PrimroseBlushPink.usdz,2631,2862377343,0.1689,,False
EZLivingInteriors-MustardHexagonTable.usdz,2543,1540965118,0.0499,35.0,False
EZLivingInteriors_-_PrimroseGrey.usdz,2535,2630636363,0.14800000000000002,59.0,False
PrimroseNavy.usdz,2500,2431601060,0.13,59.0,False
PrimroseLightBrown.usdz,2497,2481467844,0.1345,59.0,False
Farrow2Seater.usdz,2315,2840165080,0.1667,499.0,False
EZLivingInteriors-Waldorf3Seater.usdz,2015,5085647142,0.3687,499.0,False
-',1836,1723053,0.0009,,False
MarlowVelvetGreen.usdz,1441,1601644349,0.0548,149.0,False
MarlowVelvetCharcoal.usdz,1432,1573213904,0.0523,149.0,False
EZLivingInteriors-Scott25Leather.usdz,1331,3513409852,0.2268,1399.0,False
EZLivingInteriors-GreyHexagonTable.usdz,1178,927992276,0.0006,35.0,False
MarlowVelvetNavy.usdz,1117,1373428896,0.0341,149.0,False
MarlowVelvetPink.usdz,1079,1276598224,0.0254,149.0,False
MarlowFabricDarkWood.usdz,1060,1947472300,0.0858,,False
RugPowder.usdz,970,3101756543,0.1896,319.0,False
EZLivingInteriors-MontreuxGreyX.usdz,867,1633507402,0.0574,,False
LoireOvalTableOpen.usdz,797,1303395394,0.0277,799.0,False
EZLiving_-_CaliaDiningTable.usdz,683,662301191,0.0003,699.0,False
EZLivingInteriors_-_Scott2SeaterGreen.usdz,627,1989244228,0.0893,999.0,False
Brighton2SeaterGrey.usdz,567,1350343584,0.0318,,False
Loire2DrawerBedsideTable.usdz,565,430422062,0.0003,179.0,False
Brighton2SeaterPink.usdz,550,1174685929,0.016,,False
EZLivingInteriors-Scott3Leather.usdz,550,2272172497,0.1148,,False
PanamaLampTableWhite.usdz,524,315596047,0.0002,159.0,False
PanamaDiningTableOpen.usdz,519,285197914,0.0002,599.0,False
Planet.usdz,511,403039358,0.0002,599.0,False
EZLivingInteriors-Waldorf2Seater.usdz,477,1275948086,0.0251,439.0,False
West%2BElm%2BThree%2BSeater.glb,461,3131520061,0.1921,,False
Brighton3SeaterPink.usdz,416,949647553,0.0002,599.0,False
EZLivingInteriors_-_InspireLeftGrey.usdz,339,2421420758,0.1281,799.0,False
RugAbstractGrey.usdz,314,1029715868,0.0028,319.0,False
EZLiving_-_ChelseaBarStoolBlue.usdz,287,1019963147,0.0019,229.0,False
EZLivingInteriors_-_InspireRightLightGrey.usdz,260,2920319389,0.173,799.0,False
EZLivingInteriors-SofiaFootstoolPink.usdz,218,450608382,0.0001,149.0,False
EZLivingInteriors-SofiaFootstoolGreen.usdz,213,439751236,0.0001,149.0,False
EZLivingInteriors-SofiaFootstoolBlue.usdz,211,466755546,0.0001,149.0,False
EZLivingInteriors-SofiaFootstoolCharcoal.usdz,209,425726300,0.0001,149.0,False
EZLivingInteriors_-_Kendal2SeaterBlue.usdz,197,1190775370,0.0173,499.0,False
Mustard%2BTable.glb,169,426987711,0.0001,,False
EZLivingInteriors_-_Kendal3SeaterGrey.usdz,168,1629612344,0.0567,499.0,False
EZLivingInteriors_-_InspireLeftLightGrey.usdz,163,1776507423,0.07,799.0,False
Brighton3SeaterGrey.usdz,145,777207029,0.0001,599.0,False
EZLivingInteriors_-_Kendal2SeaterGrey.usdz,142,2440241645,0.1297,499.0,False
EZLivingInteriors-ClaraCornerLeft.usdz,142,2169705427,0.1053,1099.0,False
EZLivingInteriors_-_InspireRightGrey.usdz,139,1941491498,0.0848,799.0,False
EZLivingInteriors_-_KendalArmchairBlue.usdz,137,668061725,0.0001,399.0,False
wind02.glb,134,316170755,0.0001,549.0,False
EZLivingInteriors_-_ScottCornerGreenLeft.usdz,120,730380562,0.0001,1799.0,False
EZLivingInteriors-CharmLeftCorner.usdz,118,2138403388,0.1025,1199.0,False
EZLivingInteriors-ClaraCornerRight.usdz,117,1836978029,0.0754,1099.0,False
Taylor2Seater.usdz,114,465890036,0.0001,399.0,False
EZLivingInteriors-KarmaRightBlack.usdz,111,686326725,0.0001,999.0,False
PanamaConsoleTableWhite.usdz,106,89769492,0.0001,179.0,False
EZLivingInteriors-Brinley_25L_15RTurquoise.usdz,106,337878523,0.0001,1199.0,False
EminenceCeramicStoneSingleOpen.usdz,106,136783208,0.0001,1099.0,False
EZLivingInteriors_-_BellaChairGreen.usdz,106,512556618,0.0001,349.0,False
Farrow3Seater.usdz,105,351989715,0.0,599.0,False
EZLivingInteriors-CharmRightCorner.usdz,105,1916752407,0.0826,1199.0,False
EZLivingInteriors_-_ScottCornerGreenRight.usdz,103,619459071,0.0,1799.0,False
EZLivingInteriors_-_Scott2SeaterBlack.usdz,101,528218888,0.0,999.0,False
EZLivingInteriors_-_KendalArmchairFootrestBlue.usdz,100,540236636,0.0,399.0,False
CassieSofabedOpen.usdz,99,472984380,0.0,749.0,False
EZLivingInteriors_-_Inspire3Seater.usdz,98,1031458405,0.0029,599.0,False
MarlowFabricLightWood.usdz,95,432153182,0.0,149.0,False
EZLivingInteriors-CharmCuddlerArmchair.usdz,94,1476551909,0.0429,499.0,False
EZLivingInteriors_-_AnnekaBlue.usdz,94,1166592093,0.015,499.0,False
EZLivingInteriors_-_NattySofa.usdz,91,1184132022,0.0166,999.0,False
EZLivingInteriors_-_ScottCornerBlackRight.usdz,91,471090316,0.0,1799.0,False
FrameGreen.usdz,91,172068843,0.0,,False
EZLivingInteriors_-_BellaChairBlue.usdz,87,412901015,0.0,349.0,False
EZLivingInteriors-SofiaChairPink.usdz,86,315499243,0.0,308.0,False
HarrisGreen.usdz,85,157574785,0.0,349.0,False
EZLivingInteriors-ClaraFootstool.usdz,85,471497639,0.0,269.0,False
EZLivingInteriors_-_AnnekaGreen.usdz,85,997113852,0.0,499.0,False
EZLivingInteriors_-_ScottCornerBlackLeft.usdz,85,444157537,0.0,1799.0,False
EZLivingInteriors-Clara3Seater.usdz,84,1449309000,0.0405,749.0,False
EZLiving_-_CaliaSofaTable.usdz,82,94228052,0.0,129.0,False
EZLivingInteriors-Charm3Seater.usdz,81,1365237201,0.0329,749.0,False
EZLivingInteriors-Clara2Seater.usdz,80,1407429785,0.0367,649.0,False
EZLiving_-_PanamaBlue.usdz,80,639046695,0.0,,False
HarrisPink.usdz,79,162284744,0.0,349.0,False
BrightonArmchairGrey.usdz,78,400602844,0.0,,False
EZLivingInteriors_-_Inspire2Seater.usdz,78,802168012,0.0,499.0,False
Laura3Seater.usdz,77,314796526,0.0,399.0,False
EZLivingInteriors_-_NattyLoveseat.usdz,76,990361856,0.0,899.0,False
EZLivingInteriors-Charm2Seater.usdz,75,1282116281,0.0254,649.0,False
EZLivingInteriors-AdamBed4%25276%2522.usdz,75,158668339,0.0,349.0,False
EZLivingInteriors-Adam3Drawer.usdz,74,33981552,0.0,199.0,False
EZLivingInteriors-SofiaChairBlue.usdz,73,268423345,0.0,308.0,False
EZLivingInteriors_-_CaliaConsoleTable.usdz,73,273862995,0.0,299.0,False
EZLivingInteriors-CheltenhamBedsideLocker.usdz,73,131316500,0.0,179.0,False
EZLivingInteriors_-_GodwinTurquoise.usdz,72,914257298,0.0,299.0,False
EZLiving_-_PanamaCharcoal.usdz,72,524142541,0.0,299.0,False
Taylor3Seater.usdz,72,454199262,0.0,1297.0,False
Model01GreenVelvet.glb,72,284048674,0.0,,False
RugLightBlue.usdz,71,638524155,0.0,319.0,False
EZLivingInteriors_-_KendalArmchairGrey.usdz,71,534784989,0.0,399.0,False
EZLivingInteriors-ClaraWingedAccentChair.usdz,71,1089146855,0.0081,499.0,False
EZLivingInteriors_-_KendalArmchairFootrestGrey.usdz,70,537626571,0.0,399.0,False
HarrisTurquoise.usdz,70,131676230,0.0,299.0,False
EZLivingInteriors-SofiaChairCharcoal.usdz,70,287362981,0.0,308.0,False
Emily46Bed.usdz,70,363183810,0.0,299.0,False
EZLivingInteriors_-_ZeldaOrange.usdz,69,2116685999,0.1005,399.0,False
EminenceCeramicStoneDoubleOpen.usdz,68,85222088,0.0,1099.0,False
Emily6DrawerDresser.usdz,68,38415308,0.0,299.0,False
PanamaConsoleTableGrey.usdz,68,60715519,0.0,179.0,False
EZLiving_-_PanamaPink.usdz,68,606096403,0.0,299.0,False
EZLivingInteriors_-_CaliaEntertainmentUnit.usdz,67,505243782,0.0,599.0,False
EZLivingInteriors_-_GodwinNavy.usdz,67,806545711,0.0,349.0,False
BrightonArmchairPink.usdz,66,313681276,0.0,,False
EZLivingInteriors-CharmBenchFootstool.usdz,66,754883607,0.0,269.0,False
EZLivingInteriors-Brinley_15L_25RCharcoal.usdz,65,199390273,0.0,1199.0,False
EZLivingInteriors_-_GodwinGreen.usdz,65,847449344,0.0,349.0,False
EZLivingInteriors-SofiaChairGreen.usdz,65,245843657,0.0,348.0,False
EZLivingInteriors-MontreuxGrey.usdz,64,375410701,0.0,849.0,False
HarrisNavy.usdz,62,118599304,0.0,349.0,False
EZLivingInteriors_-_Farrow3Seater.usdz,62,364051434,0.0,599.0,False
EZLivingInteriors-ChicBarstoolGrey.usdz,61,512097660,0.0,59.0,False
EZLivingInteriors_-_CaliaLargeSideboard.usdz,61,370174181,0.0,999.0,False
EZLivingInteriors_-_BellaChairGrey.usdz,60,337782139,0.0,,False
PanamaSquareCoffeeTableGrey.usdz,59,57064505,0.0,269.0,False
EZLivingInteriors-Carson_Beige_Bar_Stool.usdz,59,718008494,0.0,179.0,False
EZLivingInteriors-Brinley_15L_25RTurquoise.usdz,59,196689893,0.0,1199.0,False
EmilyBlanketBox.usdz,58,28242868,0.0,149.0,False
Emily3Bed.usdz,58,267153749,0.0,249.0,False
EZLivingInteriors_-_ZeldaBlueAccent.usdz,57,1783325545,0.0705,399.0,False
EZLivingInteriors_-_CaliaBookcase.usdz,57,317042152,0.0,649.0,False
EZLivingInteriorsBrinley_25L_15RCharcoal.usdz,57,179560315,0.0,1199.0,False
EZLivingInteriors-Cheltanham46Bed.usdz,56,180614032,0.0,599.0,False
EZLivingInteriors_-_InspireArmchair.usdz,55,512668861,0.0,349.0,False
GioveTaupeOpened.usdz,55,96882335,0.0,,False
TaylorArmchair.usdz,55,304678968,0.0,1297.0,False
EZLivingInteriors_-_Kurve3Seater.usdz,54,1303803501,0.0274,699.0,False
Carter%2Bgrey%2Bbar%2Bstool.usdz,54,645228347,0.0,,False
EZLivingInteriors-Cheltanham5Bed.usdz,53,161112308,0.0,699.0,False
LoireLargeSideboardCharcoal.usdz,53,148645336,0.0,599.0,False
Emily4Bed.usdz,52,243622215,0.0,299.0,False
CocoSofa.usdz,52,150974720,0.0,699.0,False
EZLivingInteriors_-_CaliaWritingDesk.usdz,51,320786641,0.0,649.0,False
Laura2Seater.usdz,51,202359264,0.0,349.0,False
BalyBed5.usdz,51,124997816,0.0,299.0,False
GioveBlackOpened.usdz,50,104906784,0.0,899.0,False
EZLivingInteriors-Cheltenham3plus3.usdz,48,89113038,0.0,549.0,False
LoireTVUnit.usdz,48,72899682,0.0,399.0,False
EZLivingInteriors-CheltanhamTripleWardrobe.usdz,48,89399112,0.0,799.0,False
BalyBed4.usdz,47,130759217,0.0,975.0,False
PanamaLampTableGrey.usdz,47,41550162,0.0,159.0,False
Emily5Bed.usdz,47,216703192,0.0,339.0,False
RugPopYellow.usdz,46,403947436,0.0,319.0,False
LoireGrey23Drawer.usdz,46,102434968,0.0,499.0,False
LoireDisplayUnitCharcoal.usdz,45,82742940,0.0,749.0,False
RugAbstractRose.usdz,45,372749884,0.0,319.0,False
BalyBed46.usdz,45,119407564,0.0,975.0,False
FramePink.usdz,45,92647880,0.0,,False
EZLivingInteriors-Maxwell2Seater.usdz,44,389606214,0.0,349.0,False
LoireConsoleTableGrey.usdz,44,108935201,0.0,299.0,False
BalyBedsideLocker.usdz,44,66789228,0.0,79.0,False
HarrisCharcoal.usdz,42,83889792,0.0,349.0,False
NewYorkBarChair.usdz,42,99455538,0.0,249.0,False
EZLivingInteriors-ChicBarstoolIvory.usdz,42,382234886,0.0,59.0,False
Social%2BDistance%2BVisualiser%2Bby%2BAllen%2BWixted.reality',42,20219552,0.0,,False
EZLivingInteriors-WaldorfChair.usdz,41,282489724,0.0,359.0,False
BalyBed3.usdz,41,102896064,0.0,199.0,False
Baly5DrawerTallboy.usdz,41,77313536,0.0,249.0,False
EZLivingInteriors-CheltenhamDoubleWardrobe.usdz,41,61744932,0.0,269.0,False
PanamaSquareCoffeeTableWhite.usdz,40,36373088,0.0,499.0,False
EZLivingInteriors_-_CaliaLargeBench.usdz,40,158590021,0.0,299.0,False
BijouxPink.usdz,40,79546200,0.0,449.0,False
EZLivingInteriors-ChicBarstoolBlack.usdz,40,313252415,0.0,59.0,False
Portland.usdz,39,103614526,0.0,599.0,False
LoireBookcase.usdz,39,74481180,0.0,549.0,False
RugAbstractYellow.usdz,37,312848079,0.0,319.0,False
EZLiving_-_ChelseaBarStoolOrange.usdz,37,207166577,0.0,229.0,False
EZLivingInteriors-MaxwellArmchair.usdz,37,384497888,0.0,349.0,False
EZLiving_-_ChelseaBarStoolGrey.usdz,37,206526809,0.0,229.0,False
EZLivingInteriors-Juno2Seater.usdz,37,142225335,0.0,649.0,False
EZLivingInteriors_-_CaliaSmallSideboard.usdz,37,213395369,0.0,799.0,False
EZLivingInteriors-AdamBed5%2527.usdz,37,73213536,0.0,349.0,False
Annecy.usdz,37,161923247,0.0,149.0,False
LoireLargeSideboardGrey.usdz,37,102677420,0.0,599.0,False
LoireCoffeeTable.usdz,37,76598306,0.0,299.0,False
LoireSmallSideboard.usdz,37,55270526,0.0,399.0,False
EmilyBedsideLocker.usdz,36,15869412,0.0,125.0,False
EZLivingInteriors-Maxwell3Seater.usdz,36,365618634,0.0,499.0,False
FarrowArmchair.usdz,35,98673516,0.0,349.0,False
AthosOpened.usdz,34,80425637,0.0,1999.0,False
EZLivingInteriors_-_CaliaCoffeeTable.usdz,34,118608112,0.0,299.0,False
LoireDiningChair.usdz,34,71701888,0.0,119.0,False
BentleyChair.usdz,34,68582930,0.0,549.0,False
Baly2DoorWardrobe.usdz,34,56504040,0.0,399.0,False
EZLivingInteriors_-_CaliaSideTable.usdz,34,212222558,0.0,149.0,False
RugAbstractBeige.usdz,33,251989740,0.0,319.0,False
EZLivingInteriors_-_Kurve2Seater.usdz,33,741298582,0.0,599.0,False
LoireDisplayUnitGrey.usdz,32,57927808,0.0,749.0,False
SandyGrey.usdz,32,51518592,0.0,179.0,False
SandyRed.usdz,31,51047421,0.0,179.0,False
LoireConsoleTableCharcoal.usdz,31,86098478,0.0,299.0,False
FrameBlue.usdz,31,64364948,0.0,,False
LauraChair.usdz,30,117261330,0.0,249.0,False
BijouxGreen.usdz,30,58327200,0.0,449.0,False
PrimroseYellow.usdz,29,81320176,0.0,59.0,False
BalyDrawerDresserMirror.usdz,29,60940658,0.0,299.0,False
SandyBlue.usdz,29,45875796,0.0,179.0,False
RugBeige.usdz,28,235402315,0.0,319.0,False
BijouxPetrol.usdz,28,54499676,0.0,449.0,False
RugRockstar.usdz,26,258340393,0.0,319.0,False
Carter.glb,25,81062240,0.0,199.0,False
EZLivingInteriors-KarmaLeftBlack.usdz,24,103298229,0.0,999.0,False
FarrowStool.usdz,24,50122362,0.0,,False
EZLivingInteriors_-_KurveArmchair.usdz,22,531120995,0.0,399.0,False
EZLivingInteriors-Adam2Over3.usdz,21,9348032,0.0,249.0,False
EZLivingInteriors-KarmaLeftTaupe.usdz,21,108088174,0.0,999.0,False
NewYorkDiningVintage_Ebony.usdz,21,49509201,0.0,199.0,False
Model01GreenVelvet.usdz,21,84652308,0.0,,False
Panama_square_grey.glb,21,28361857,0.0,269.0,False
NewYorkDiningChairGrey.usdz,20,45781760,0.0,199.0,False
EZLivingInteriors-KarmaRightTaupe.usdz,19,106583168,0.0,999.0,False
Panama_lamp_grey.glb,19,23594041,0.0,159.0,False
EZLiving_-_ChelseaBarStoolYellow.usdz,17,92092240,0.0,229.0,False
Loire34DrawerWideChest.usdz,17,50832397,0.0,629.0,False
Panama_square_white.glb,17,21144833,0.0,269.0,False
SandyGreen.usdz,17,26508661,0.0,179.0,False
dose_02.usdz,16,30790680,0.0,,False
West%2BElm%2BThree%2BSeater.usdz,16,63373282,0.0,,False
carter%2B%25281%2529.glb,15,51041020,0.0,199.0,True
index.html',15,21619,0.0,,False
Armchair%2BBlue.glb,14,5914184,0.0,399.0,False
EZLivingInteriors_-_PrimrosePink.usdz,14,26246979,0.0,59.0,False
Armchair.glb,13,17706831,0.0,499.0,True
Footstool.glb,12,26868166,0.0,449.0,True
Corner%2BRight.glb,12,20788823,0.0,1199.0,True
Corner%2BLeft.glb,12,20788812,0.0,1199.0,True
Zelda%2BBurnt%2BOrange.glb,12,16772648,0.0,399.0,False
EZLivingInteriors_-_PrimroseBrown.usdz,12,23960844,0.0,59.0,False
2%2BSeater.glb,11,19300651,0.0,649.0,True
3%2BSeater.glb,11,19185587,0.0,649.0,True
tween_02.usdz,11,30550108,0.0,269.0,False
Wind.usdz,10,8759710,0.0,349.0,False
New%2BArmchair.glb,10,20791875,0.0,,False
Project%2BName%2B%25281%2529.glb,10,1088,0.0,,False
carter%2B%25281%2529.glb,10,1088,0.0,,True
viewer.css',10,19000,0.0,,False
viewer.js',10,17568,0.0,,False
deposition_01.glb,10,18550064,0.0,,False
2%2BSeater.glb,9,1232,0.0,,True
Armchair.glb,9,1232,0.0,,True
3%2BSeater.glb,9,1232,0.0,,True
3%2BSeater.glb,9,1220,0.0,,True
LargeBench.glb,9,1088,0.0,1445.0,False
Right_Black.glb,9,1232,0.0,999.0,False
Right_Taupe.glb,9,1232,0.0,999.0,False
DegiroTest.js',9,1640,0.0,,False
qrcode.js',9,232176,0.0,,False
2%2BSeater.glb,8,1088,0.0,649.0,True
2%2BSeater.glb,8,7922452,0.0,499.0,True
Bedside%2BLocker.glb,8,1088,0.0,179.0,False
Black.glb,8,1088,0.0,,True
Double%2BWardrobe.glb,8,1088,0.0,499.0,False
green.glb,8,1088,0.0,,True
EZLivingInteriors_-_Sorrento3Seater.usdz,7,209293791,0.0,,False
Green.glb,7,3194960,0.0,,True
Montreux%2BGrey%2BWashed.glb,7,544,0.0,135.0,False
Montreux%2BGrey%2BWashed%2BX.glb,7,544,0.0,135.0,False
EZLivingInteriors-Cheltenham3plus2.usdz,7,13623995,0.0,499.0,False
Blue.glb,6,8641052,0.0,,True
3%2BSeater.glb,6,7240312,0.0,649.0,True
Blue.glb,6,4415760,0.0,,True
Blue.glb,6,3198452,0.0,349.0,True
Green.glb,6,3156276,0.0,349.0,True
White.glb,6,3118996,0.0,349.0,False
Black.glb,6,2179364,0.0,,True
ConsoleTable.glb,6,544,0.0,,False
hydration.glb,6,7632352,0.0,,False
Corner%2BRight.glb,5,544,0.0,1099.0,True
Chair.glb,5,544,0.0,499.0,False
Footstool.glb,5,544,0.0,269.0,True
Corner%2BLeft.glb,5,544,0.0,1099.0,True
2%2BSeater%2BGrey.glb,5,544,0.0,599.0,False
2.glb,5,544,0.0,439.0,True
Swivel%2BChair.glb,5,544,0.0,,False
3%2BSeater%2BGrey.glb,5,544,0.0,499.0,False
Turquoise.glb,5,544,0.0,349.0,False
Armchair%2BGrey.glb,5,544,0.0,399.0,False
2%2BSeater%2BBlue.glb,5,544,0.0,499.0,False
Armchair.glb,5,544,0.0,,True
Left.glb,5,544,0.0,349.0,False
Navy.glb,5,544,0.0,349.0,False
Armchair%2B%252B%2BFootrest%2BGrey.glb,5,544,0.0,179.0,False
Armchair%2B%252B%2BFootrest%2BBlue.glb,5,544,0.0,179.0,False
Right.glb,5,544,0.0,,False
Green.glb,5,544,0.0,349.0,True
Loveseat.glb,5,544,0.0,299.0,False
3%2BSeater.glb,5,544,0.0,349.0,True
Zelda%2BBlue%2BAccent.glb,5,544,0.0,399.0,False
3%2BSeater%2BBlue.glb,5,544,0.0,499.0,False
3.glb,5,544,0.0,449.0,True
Sofa.glb,5,544,0.0,999.0,False
2%2BSeater.glb,5,544,0.0,649.0,True
1.glb,5,544,0.0,449.0,False
CoffeeTable.glb,5,544,0.0,299.0,False
EntertainmentUnit.glb,5,544,0.0,,False
Bookcase.glb,5,544,0.0,,False
Bedframe%2B4%25276.glb,5,544,0.0,,False
Green.glb,5,544,0.0,348.0,True
Pink.glb,5,544,0.0,308.0,True
Charcoal.glb,5,544,0.0,308.0,True
Closed.glb,5,544,0.0,749.0,False
Blue.glb,5,544,0.0,308.0,True
2.glb,5,544,0.0,1197.0,True
Carson.glb,5,544,0.0,179.0,False
Armchair.glb,5,544,0.0,399.0,True
3%2BSeater.glb,5,544,0.0,699.0,True
Mustard.glb,5,544,0.0,,False
grey.glb,5,544,0.0,,True
3.glb,5,544,0.0,1197.0,True
Arm.glb,5,544,0.0,,False
Opened.glb,5,544,0.0,749.0,False
2%2BSeater.glb,5,544,0.0,,True
Brinley_15L_25R_Charcoal.glb,5,544,0.0,1199.0,False
Brinley_15L_25R_Turquoise.glb,5,544,0.0,1199.0,False
Brinley_25L_15R_Turquoise.glb,5,544,0.0,1199.0,False
Brinley_25L_15R_Charcoal.glb,5,544,0.0,1199.0,False
Emily_Dressing_Table_%2526_Stool.glb,5,544,0.0,299.0,False
FarrowArmchair.glb,5,544,0.0,349.0,False
Emily%2B4%25276%2BBedframe.glb,5,544,0.0,349.0,False
Emily%2BBedside%2BLocker.glb,5,544,0.0,125.0,False
4%25276%2BBedframe.glb,5,544,0.0,349.0,False
Emily%2B5%2527%2BBedframe.glb,5,544,0.0,349.0,False
3%2BDrawer%2BBedside%2BTable.glb,5,544,0.0,99.0,False
2%2BOver%2B3.glb,5,544,0.0,249.0,False
5%2BBedframe.glb,5,544,0.0,249.0,False
Emily%2B3%2527%2BBedframe.glb,5,544,0.0,349.0,False
Emily%2B6%2BDrawer%2BDresser.glb,5,544,0.0,299.0,False
Emily%2BBlanket%2BBox.glb,5,544,0.0,149.0,False
Grey.glb,5,544,0.0,59.0,False
Emily%2B4%2527%2BBedframe.glb,5,544,0.0,349.0,False
3%2BOver%2B4.glb,5,544,0.0,249.0,False
3%252B3%2BChest%2Bof%2BDrawers.glb,5,544,0.0,549.0,False
3%252B2%2BChest%2Bof%2BDrawers.glb,5,544,0.0,549.0,False
Ivory.glb,5,544,0.0,59.0,False
bed%2B4.glb,5,544,0.0,269.0,False
fabric_light.glb,5,544,0.0,149.0,False
velvet_pink.glb,5,544,0.0,149.0,False
fabric_dark.glb,5,544,0.0,149.0,False
dresser%2Band%2Bmirror.glb,5,544,0.0,1005.0,False
pink.glb,5,544,0.0,449.0,False
velvet_green.glb,5,544,0.0,149.0,False
velvet_navy.glb,5,544,0.0,149.0,False
Eminence%2BCeramic%2BStone%2BTop%2BDouble%2BExtending%2BTable%2Bmiddle.glb,5,544,0.0,1099.0,False
planet.glb,5,544,0.0,599.0,False
Eminence%2BFast%2BExtending%2BTable%2Bin%2BCeramic%2BSalt%2BWhite%2Bsmall.glb,5,544,0.0,1099.0,False
Havana%2Bbed.glb,5,544,0.0,,False
drawer%2Btallboy.glb,5,544,0.0,249.0,False
velvet_charcole.glb,5,544,0.0,149.0,False
bedside%2Blocker.glb,5,544,0.0,79.0,False
grey.glb,5,544,0.0,179.0,True
blue.glb,5,544,0.0,179.0,False
Eminence%2BTaupe%2BDining%2BTable%2Bsmall.glb,5,544,0.0,1099.0,False
Eminence%2BCeramic%2BStone%2BTop%2BSingle%2BExtending%2BTable%2Blarge.glb,5,544,0.0,1099.0,False
green.glb,5,544,0.0,449.0,True
Eminence%2BCeramic%2BStone%2BTop%2BDouble%2BExtending%2BTable%2Bsmall.glb,5,544,0.0,1099.0,False
dining%2Bebony.glb,5,544,0.0,,False
red.glb,5,544,0.0,179.0,False
bed%2B5.glb,5,544,0.0,299.0,False
bed%2B3.glb,5,544,0.0,,False
Eminence%2BCeramic%2BStone%2BTop%2BSingle%2BExtending%2BTable%2Bmiddle.glb,5,544,0.0,1099.0,False
Eminence%2BTobacco%2BOak%2BTop_%2BGraphite%2BLegs%2Bmiddle.glb,5,544,0.0,1099.0,False
2%2Bdoor%2Bwardrobe.glb,5,544,0.0,,False
coco.glb,5,544,0.0,,False
2Seater.glb,5,544,0.0,,False
bentley.glb,5,544,0.0,,False
Eminence%2BCeramic%2BStone%2BTop%2BSingle%2BExtending%2BTable%2Bsmall.glb,5,544,0.0,1099.0,False
petrol.glb,5,544,0.0,,False
Eminence%2BFast%2BExtending%2BTable%2Bin%2BCeramic%2BSalt%2BWhite%2Blarge.glb,5,544,0.0,1099.0,False
Annecy.glb,5,544,0.0,149.0,False
chair.glb,5,544,0.0,1297.0,False
bar%2Bstool.glb,5,544,0.0,249.0,False
3Seater.glb,5,544,0.0,998.0,False
Eminence%2BTobacco%2BOak%2BTop_%2BGraphite%2BLegs%2Bsmall.glb,5,544,0.0,1099.0,False
dining%2Bgrey.glb,5,544,0.0,249.0,False
Eminence%2BTaupe%2BDining%2BTable%2Bmiddle.glb,5,544,0.0,1099.0,False
Eminence%2BCeramic%2BStone%2BTop%2BDouble%2BExtending%2BTable%2Blarge.glb,5,544,0.0,1099.0,False
bed%2B4%25276.glb,5,544,0.0,1005.0,False
3%2BSeater.glb,5,544,0.0,499.0,True
2%2BSeater.glb,5,544,0.0,499.0,True
Stool.glb,5,544,0.0,179.0,False
Triple%2BWaredrobe.glb,5,544,0.0,499.0,False
4%25276%2BBed.glb,5,544,0.0,699.0,False
5%25270%2BBed.glb,5,544,0.0,699.0,False
Siren%2BWalnut.glb,5,544,0.0,299.0,False
,5,544,0.0,,False
cabinet_01.usdz,5,544,0.0,899.0,False
,5,544,0.0,,False
HavanaBed46.usdz,4,9286236,0.0,499.0,False
EZLivingInteriors_-_SorrentoChair.usdz,4,79838439,0.0,79.0,False
,4,1836,0.0,,False
EminenceTobaccoClosed.usdz,4,6287452,0.0,1099.0,False
LargeSideboard.glb,4,544,0.0,1365.0,False
SideTable.glb,4,544,0.0,649.0,False
WritingDesk.glb,4,544,0.0,649.0,False
SmallSideboard.glb,4,544,0.0,219.0,False
frameblue.glb,3,544,0.0,649.0,False
framepink.glb,3,544,0.0,649.0,False
framegreen.glb,3,544,0.0,649.0,False
EminenceTaupeOpen.usdz,3,3770925,0.0,1099.0,False
Left_Taupe.glb,3,544,0.0,999.0,False
Left_Black.glb,3,544,0.0,999.0,False
Giove_Taupe_Closed.glb,3,544,0.0,899.0,False
Giove_Taupe_Opened.glb,3,544,0.0,899.0,False
Giove_Black_Opened.glb,3,544,0.0,899.0,False
Giove_Black_Closed.glb,3,544,0.0,899.0,False
',2,0,0.0,649.0,True
,2,14198640,0.0,,False
Blue.glb,2,0,0.0,308.0,True
Charcoal.glb,2,0,0.0,308.0,True
Pink.glb,2,0,0.0,308.0,True
Green.glb,2,0,0.0,308.0,True
',2,0,0.0,699.0,True
EZLivingInteriors_-_Sorrento2Seater.usdz,2,62089150,0.0,649.0,False
,2,0,0.0,,False
',1,0,0.0,1199.0,True
',1,0,0.0,649.0,True
',1,0,0.0,359.0,True
',1,0,0.0,179.0,True
',1,0,0.0,299.0,True
',1,0,0.0,349.0,True
',1,0,0.0,799.0,True
',1,0,0.0,399.0,True
',1,0,0.0,1199.0,True
',1,0,0.0,99.0,True
',1,0,0.0,1365.0,True
',1,0,0.0,749.0,True
',1,0,0.0,599.0,True
',1,0,0.0,348.0,True
',1,0,0.0,179.0,True
',1,0,0.0,348.0,True
',1,0,0.0,348.0,True
',1,0,0.0,1199.0,True
',1,0,0.0,135.0,True
',1,0,0.0,249.0,True
',1,0,0.0,499.0,True
',1,0,0.0,399.0,True
',1,0,0.0,499.0,True
',1,0,0.0,59.0,True
',1,0,0.0,599.0,True
',1,0,0.0,179.0,True
',1,0,0.0,249.0,True
',1,0,0.0,149.0,True
',1,0,0.0,1005.0,True
',1,0,0.0,149.0,True
',1,0,0.0,1297.0,True
',1,0,0.0,599.0,True
',1,0,0.0,449.0,True
',1,0,0.0,549.0,True
',1,0,0.0,599.0,True
',1,0,0.0,1099.0,True
',1,0,0.0,219.0,True
,1,0,0.0,,False
',1,0,0.0,899.0,True
,1,0,0.0,,False
,1,0,0.0,,False
,1,0,0.0,,False
,1,0,0.0,,False
ctiofficechair10size.glb,1,10982773,0.0,249.0,False
,1,0,0.0,,False
,1,0,0.0,,False
,1,0,0.0,,False
,1,0,0.0,,False
